l1;td1;rs1;l2;td2;rs2;l3;td3;rs3
171.00000;0.00556;0.87500;0.00000;0.50000;0.87500;0.00000;0.05026;0.87500
171.00000;0.01058;0.87500;171.47743;0.03283;0.87500;172.22223;0.04798;0.87500
171.00000;0.01010;0.87500;171.47743;0.02963;0.87500;172.22223;0.01481;0.87500
171.00000;0.50483;0.87500;171.47743;0.04728;0.87500;172.22223;0.02837;0.87500
171.00000;0.02268;0.87500;171.47743;0.00000;0.87500;172.22223;0.03175;0.87500
191.11014;0.04222;0.87500;171.47743;0.02889;0.87500;172.22223;0.02222;0.87500
191.11014;0.01068;0.87500;197.88510;0.06197;0.87500;197.89740;0.03419;0.87500
191.11014;0.09877;0.87500;197.88510;0.01852;0.87500;197.89740;0.03704;0.87500
191.11014;0.02800;0.87500;197.88510;0.02200;0.87500;197.89740;0.00200;0.87500
191.11014;0.03314;0.87500;197.88510;0.00780;0.87500;197.89740;0.02924;0.87500
231.78279;0.05838;0.87500;197.88510;0.07721;0.87500;197.89740;0.03202;0.87500
231.78279;0.02385;0.87500;266.84747;0.05872;0.87500;223.67094;0.02752;0.87500
231.78279;0.04839;0.87500;266.84747;0.00538;0.87500;223.67094;0.05197;0.87500
231.78279;0.03299;0.87500;266.84747;0.02604;0.87500;223.67094;0.02951;0.87500
231.78279;0.02542;0.87500;266.84747;0.00508;0.87500;223.67094;0.02373;0.87500
371.28714;0.02961;0.87500;266.84747;0.03454;0.87500;223.67094;0.03125;0.87500
371.28714;0.01610;0.87500;392.03754;0.04348;0.87500;388.55682;0.01771;0.87500
371.28714;0.00945;0.87500;392.03754;0.00787;0.87500;388.55682;0.02205;0.87500
371.28714;0.03216;0.87500;392.03754;0.02603;0.87500;388.55682;0.01531;0.87500
371.28714;0.01652;0.84375;392.03754;0.01351;0.87500;388.55682;0.02102;0.87500
449.19028;0.01618;0.84375;392.03754;0.00588;0.87500;388.55682;0.01912;0.87500
449.19028;0.02149;0.84375;439.45930;0.03009;0.87500;451.89010;0.02722;0.87500
449.19028;0.02514;0.84375;439.45930;0.01816;0.87500;451.89010;0.02374;0.87500
449.19028;0.01793;0.84375;439.45930;0.01517;0.87500;451.89010;0.00138;0.87500
449.19028;0.03903;0.81250;439.45930;0.02153;0.87500;451.89010;0.02423;0.87500
367.30847;0.06833;0.81250;439.45930;0.02102;0.87500;451.89010;0.04599;0.87500
367.30847;0.04675;0.81250;474.16940;0.01688;0.87500;502.80835;0.05844;0.87500
367.30847;0.07360;0.81250;474.16940;0.02665;0.87500;502.80835;0.07741;0.87500
367.30847;0.06328;0.87500;474.16940;0.03970;0.87500;502.80835;0.09677;0.87500
367.30847;0.13592;0.84375;474.16940;0.07767;0.87500;502.80835;0.11650;0.87500
412.81310;0.10084;0.84375;474.16940;0.06002;0.87500;502.80835;0.12845;0.87500
412.81310;0.02468;0.84375;567.64014;0.10458;0.87500;752.09710;0.14806;0.87500
412.81310;0.05639;0.84375;567.64014;0.10932;0.87500;752.09710;0.16686;0.87500
412.81310;0.05804;0.84375;567.64014;0.18192;0.87500;752.09710;0.19085;0.84375
412.81310;0.03142;0.84375;567.64014;0.19177;0.87500;752.09710;0.09967;0.84375
612.63110;0.04105;0.81250;567.64014;0.19789;0.87500;752.09710;0.01368;0.84375
612.63110;0.07034;0.81250;1056.84670;0.20897;0.87500;1253.01660;0.01325;0.84375
612.63110;0.08631;0.81250;1056.84670;0.25298;0.87500;1253.01660;0.04365;0.84375
612.63110;0.02802;0.81250;1056.84670;0.25507;0.87500;1253.01660;0.06473;0.84375
612.63110;0.02637;0.81250;1056.84670;0.30414;0.87500;1253.01660;0.09322;0.84375
438.14100;0.04936;0.81250;1056.84670;0.28154;0.87500;1253.01660;0.11883;0.84375
438.14100;0.00178;0.81250;1953.12880;0.33156;0.87500;1408.09560;0.13956;0.84375
438.14100;0.04340;0.81250;1953.12880;0.35764;0.84375;1408.09560;0.15885;0.84375
438.14100;0.02872;0.81250;1953.12880;0.21537;0.81250;1408.09560;0.15203;0.81250
438.14100;0.03964;0.81250;1953.12880;0.03716;0.81250;1408.09560;0.01982;0.81250
475.78104;0.01696;0.81250;1953.12880;0.12601;0.81250;1408.09560;0.10582;0.81250
475.78104;0.01976;0.81250;2513.91500;0.11858;0.81250;1579.26090;0.02846;0.81250
475.78104;0.05093;0.81250;2513.91500;0.08256;0.81250;1579.26090;0.09877;0.81250
475.78104;0.14966;0.78125;2513.91500;0.01058;0.81250;1579.26090;0.03401;0.81250
475.78104;0.24222;0.78125;2513.91500;0.04222;0.81250;1579.26090;0.00889;0.81250
576.72864;0.10966;0.78125;2513.91500;0.04285;0.81250;1579.26090;0.01888;0.81250
576.72864;0.19943;0.75000;2534.49780;0.00426;0.81250;1319.62370;0.00213;0.78125
576.72864;0.21458;0.75000;2534.49780;0.04931;0.81250;1319.62370;0.28333;0.78125
576.72864;0.05658;0.71875;2534.49780;0.09066;0.81250;1319.62370;0.25290;0.78125
576.72864;0.01734;0.71875;2534.49780;0.05871;0.81250;1319.62370;0.23015;0.78125
986.78394;0.31193;0.71875;2534.49780;0.03211;0.81250;1319.62370;0.19921;0.75000
986.78394;0.30071;0.71875;2238.51680;0.11719;0.81250;1466.68960;0.08049;0.75000
986.78394;0.07278;0.71875;2238.51680;0.19177;0.81250;1466.68960;0.25823;0.71875
986.78394;0.08442;0.71875;2238.51680;0.05711;0.71875;1466.68960;0.31657;0.68750
986.78394;0.09585;0.71875;2238.51680;0.24298;0.71875;1466.68960;0.26984;0.68750
446.61010;0.00420;0.71875;2238.51680;0.00841;0.71875;1466.68960;0.13213;0.68750
446.61010;0.00887;0.68750;1716.72310;0.22045;0.71875;1037.06510;0.15721;0.68750
446.61010;0.02894;0.68750;1716.72310;0.12558;0.71875;1037.06510;0.03819;0.68750
446.61010;0.03533;0.68750;1716.72310;0.00627;0.71875;1037.06510;0.03476;0.68750
446.61010;0.00112;0.68750;1716.72310;0.03367;0.71875;1037.06510;0.03143;0.65625
441.56146;0.04410;0.68750;1716.72310;0.10198;0.71875;1037.06510;0.02205;0.65625
441.56146;0.02770;0.68750;1335.50450;0.04834;0.71875;482.43112;0.06301;0.65625
441.56146;0.02730;0.68750;1335.50450;0.05353;0.71875;482.43112;0.02409;0.65625
441.56146;0.03483;0.68750;1335.50450;0.09499;0.71875;482.43112;0.03852;0.65625
441.56146;0.08597;0.68750;1335.50450;0.13516;0.71875;482.43112;0.02848;0.65625
498.07710;0.01481;0.65625;1335.50450;0.12206;0.71875;482.43112;0.04290;0.65625
498.07710;0.03561;0.65625;1488.35940;0.14092;0.71875;416.62552;0.00150;0.65625
498.07710;0.04790;0.65625;1488.35940;0.18914;0.68750;416.62552;0.01877;0.62500
498.07710;0.01170;0.68750;1488.35940;0.00682;0.68750;416.62552;0.00000;0.68750
498.07710;0.14368;0.68750;1488.35940;0.08190;0.68750;416.62552;0.01657;0.68750
490.02393;0.02736;0.65625;1488.35940;0.11368;0.68750;416.62552;0.03352;0.68750
490.02393;0.01023;0.65625;1700.44020;0.01023;0.68750;448.10440;0.11038;0.68750
490.02393;0.06551;0.65625;1700.44020;0.02428;0.68750;448.10440;0.05625;0.65625
490.02393;0.00315;0.65625;1700.44020;0.01352;0.68750;448.10440;0.00183;0.65625
490.02393;0.02404;0.65625;1700.44020;0.01425;0.68750;448.10440;0.03650;0.65625
499.99133;0.09310;0.62500;1700.44020;0.05534;0.68750;448.10440;0.00668;0.65625
499.99133;0.09555;0.59375;1570.54210;0.04410;0.68750;639.28090;0.02284;0.65625
499.99133;0.03889;0.59375;1570.54210;0.05684;0.68750;639.28090;0.52918;0.65625
499.99133;0.04251;0.56250;1570.54210;0.05219;0.68750;639.28090;0.01410;0.65625
499.99133;0.02575;0.56250;1570.54210;0.08929;0.68750;639.28090;0.09175;0.62500
493.40805;0.01889;0.53125;1570.54210;0.08337;0.68750;639.28090;0.02865;0.62500
493.40805;0.01416;0.53125;1615.28430;0.05140;0.68750;732.70850;0.01355;0.62500
493.40805;0.08753;0.53125;1615.28430;0.13229;0.68750;732.70850;0.11817;0.62500
493.40805;0.02999;0.65625;1615.28430;0.14483;0.65625;732.70850;0.06835;0.53125
493.40805;0.03509;0.62500;1615.28430;0.13216;0.65625;732.70850;0.02920;0.53125
466.06420;0.19493;0.62500;1615.28430;0.08266;0.65625;732.70850;0.06940;0.53125
466.06420;0.09665;0.59375;1888.32390;0.03805;0.65625;854.51040;0.08497;0.50000
466.06420;0.02293;0.56250;1888.32390;0.11617;0.65625;854.51040;0.00647;0.46875
466.06420;0.05415;0.53125;1888.32390;0.10460;0.65625;854.51040;0.09211;0.43750
466.06420;0.02938;0.53125;1888.32390;0.12266;0.65625;854.51040;0.23553;0.43750
620.37756;0.07358;0.53125;1888.32390;0.14353;0.65625;854.51040;0.19133;0.43750
620.37756;0.02366;0.53125;2317.30710;0.17921;0.65625;613.47687;0.02175;0.40625
620.37756;0.04295;0.53125;2317.30710;0.09407;0.65625;613.47687;0.03548;0.40625
620.37756;0.36944;0.53125;2317.30710;0.09183;0.65625;613.47687;0.02875;0.40625
620.37756;0.33333;0.53125;2317.30710;0.07396;0.65625;613.47687;0.04171;0.37500
488.17197;0.34088;0.53125;2317.30710;0.02160;0.65625;613.47687;0.03785;0.37500
488.17197;0.01730;0.53125;2744.24370;0.07395;0.62500;320.97644;0.04664;0.34375
488.17197;0.02084;0.46875;2744.24370;0.10454;0.62500;320.97644;0.00237;0.34375
488.17197;0.07705;0.56250;2744.24370;0.18100;0.59375;320.97644;0.04370;0.53125
488.17197;0.08317;0.53125;2744.24370;0.09993;0.59375;320.97644;0.24311;0.53125
447.95360;0.02876;0.53125;2744.24370;0.05719;0.56250;320.97644;0.06772;0.53125
447.95360;0.01330;0.53125;2753.63010;0.04282;0.56250;399.60263;0.02843;0.53125
447.95360;0.05450;0.53125;2753.63010;0.12673;0.56250;399.60263;0.02660;0.53125
447.95360;0.02241;0.53125;2753.63010;0.03298;0.56250;399.60263;0.03515;0.50000
447.95360;0.04266;0.53125;2753.63010;0.02165;0.56250;399.60263;0.01473;0.46875
436.67886;0.07111;0.53125;2753.63010;0.03066;0.56250;399.60263;0.02802;0.46875
436.67886;0.00659;0.53125;2976.02700;0.01883;0.53125;433.48126;0.06764;0.43750
436.67886;0.01969;0.46875;2976.02700;0.01594;0.53125;433.48126;0.07753;0.40625
436.67886;0.05866;0.46875;2976.02700;0.03600;0.53125;433.48126;0.01938;0.40625
436.67886;0.03426;0.43750;2976.02700;0.07284;0.53125;433.48126;0.01241;0.40625
417.36270;0.06742;0.43750;2976.02700;0.01471;0.53125;433.48126;0.01944;0.37500
417.36270;0.03170;0.43750;2722.67260;0.03200;0.53125;383.00410;0.01348;0.37500
417.36270;0.00000;0.43750;2722.67260;0.01090;0.53125;383.00410;0.02042;0.37500
417.36270;0.02543;0.53125;2722.67260;0.00933;0.53125;383.00410;0.02604;0.46875
417.36270;0.16441;0.53125;2722.67260;0.02123;0.53125;383.00410;0.19904;0.46875
412.74410;0.01615;0.53125;2722.67260;0.01609;0.53125;383.00410;0.00329;0.46875
412.74410;0.00030;0.53125;2834.86550;0.02485;0.53125;427.58005;0.11081;0.43750
412.74410;0.03905;0.53125;2834.86550;0.03384;0.53125;427.58005;0.09615;0.40625
412.74410;0.02354;0.53125;2834.86550;0.01023;0.53125;427.58005;0.03914;0.40625
412.74410;0.02661;0.53125;2834.86550;0.01307;0.53125;427.58005;0.06023;0.40625
447.22018;0.05083;0.50000;2834.86550;0.05259;0.53125;427.58005;0.03369;0.37500
447.22018;0.02947;0.46875;2803.36470;0.09159;0.53125;421.67420;0.01762;0.37500
447.22018;0.01034;0.46875;2803.36470;0.06427;0.53125;421.67420;0.04737;0.37500
447.22018;0.06370;0.46875;2803.36470;0.05675;0.53125;421.67420;0.00743;0.34375
447.22018;0.03831;0.43750;2803.36470;0.02064;0.53125;421.67420;0.02554;0.34375
459.00232;0.11281;0.43750;2803.36470;0.03961;0.53125;421.67420;0.00594;0.34375
459.00232;0.01517;0.40625;2868.10520;0.07267;0.53125;383.09497;0.05028;0.34375
459.00232;0.00531;0.37500;2868.10520;0.03750;0.53125;383.09497;0.03969;0.31250
459.00232;0.01250;0.53125;2868.10520;0.04643;0.53125;383.09497;0.04389;0.46875
459.00232;0.24599;0.53125;2868.10520;0.04312;0.53125;383.09497;0.23383;0.46875
469.22540;0.07855;0.53125;2868.10520;0.04701;0.53125;383.09497;0.05136;0.43750
469.22540;0.00519;0.53125;2981.98730;0.06629;0.53125;458.34003;0.18420;0.43750
469.22540;0.00326;0.53125;2981.98730;0.09689;0.53125;458.34003;0.02146;0.40625
469.22540;0.01543;0.50000;2981.98730;0.08851;0.53125;458.34003;0.00406;0.40625
469.22540;0.00995;0.46875;2981.98730;0.10241;0.53125;458.34003;0.03228;0.40625
589.37660;0.10989;0.46875;2981.98730;0.07557;0.53125;458.34003;0.01497;0.37500
589.37660;0.03752;0.46875;3116.72000;0.39436;0.53125;415.07080;0.00213;0.37500
589.37660;0.12108;0.43750;3116.72000;0.00000;0.53125;415.07080;0.03220;0.37500
589.37660;0.09393;0.43750;3116.72000;0.07956;0.53125;415.07080;0.02342;0.34375
589.37660;0.00612;0.40625;3116.72000;0.29537;0.53125;415.07080;0.02022;0.34375
450.71982;0.02368;0.37500;3116.72000;0.33183;0.53125;415.07080;0.04976;0.34375
450.71982;0.01064;0.37500;3439.81500;0.05508;0.53125;391.57780;0.00399;0.34375
450.71982;0.02049;0.37500;3439.81500;0.07158;0.53125;391.57780;0.01676;0.34375
450.71982;0.00506;0.53125;3439.81500;0.09367;0.53125;391.57780;0.01756;0.34375
450.71982;0.25519;0.53125;3439.81500;0.03965;0.53125;391.57780;0.02155;0.34375
458.21457;0.11522;0.53125;3439.81500;0.01118;0.53125;391.57780;0.01357;0.34375
458.21457;0.00266;0.50000;3771.71500;0.04710;0.53125;388.51110;0.00905;0.31250
458.21457;0.07424;0.50000;3771.71500;0.05615;0.53125;388.51110;0.07105;0.31250
458.21457;0.08222;0.46875;3771.71500;0.05162;0.53125;388.51110;0.05428;0.28125
458.21457;0.06759;0.46875;3771.71500;0.05029;0.53125;388.51110;0.00985;0.28125
583.30206;0.13332;0.43750;3771.71500;0.04178;0.53125;388.51110;0.04763;0.21875
583.30206;0.05961;0.43750;4085.47660;0.08462;0.53125;406.57504;0.01836;0.21875
583.30206;0.00160;0.43750;4085.47660;0.06360;0.53125;406.57504;0.01517;0.18750
583.30206;0.10165;0.37500;4085.47660;0.02501;0.53125;406.57504;0.00186;0.18750
583.30206;0.01597;0.37500;4085.47660;0.04045;0.53125;406.57504;0.00612;0.18750
449.67532;0.01011;0.37500;4085.47660;0.08302;0.53125;406.57504;0.01304;0.18750
449.67532;0.01703;0.37500;4320.04150;0.06546;0.53125;371.73886;0.01171;0.18750
449.67532;0.00665;0.34375;4320.04150;0.03805;0.53125;371.73886;0.02395;0.12500
449.67532;0.00692;0.53125;4320.04150;0.03060;0.53125;371.73886;0.02076;0.37500
449.67532;0.35471;0.53125;4320.04150;0.04577;0.53125;371.73886;0.09952;0.34375
466.86890;0.12480;0.53125;4320.04150;0.04790;0.53125;371.73886;0.13225;0.34375
466.86890;0.03779;0.50000;4518.08400;0.09633;0.53125;422.31113;0.04816;0.34375
466.86890;0.02129;0.46875;4518.08400;0.00985;0.53125;422.31113;0.01437;0.34375
466.86890;0.00958;0.46875;4518.08400;0.05349;0.53125;422.31113;0.01384;0.34375
466.86890;0.16418;0.46875;4518.08400;0.04098;0.53125;422.31113;0.02288;0.31250
722.24760;0.09313;0.43750;4518.08400;0.04976;0.53125;422.31113;0.04550;0.28125
722.24760;0.11602;0.43750;4799.56350;0.02980;0.53125;385.29474;0.03326;0.28125
722.24760;0.03991;0.37500;4799.56350;0.07025;0.53125;385.29474;0.00798;0.28125
722.24760;0.02954;0.37500;4799.56350;0.01730;0.53125;385.29474;0.01064;0.21875
722.24760;0.09074;0.37500;4799.56350;0.00905;0.53125;385.29474;0.01570;0.21875
490.43518;0.07557;0.37500;4799.56350;0.01490;0.53125;385.29474;0.02076;0.21875
490.43518;0.05934;0.34375;5053.81150;0.05695;0.53125;373.72992;0.00053;0.18750
490.43518;0.02741;0.34375;5053.81150;0.01384;0.53125;373.72992;0.01384;0.18750
490.43518;0.00294;0.53125;5053.81150;0.03075;0.53125;373.72992;0.03155;0.34375
490.43518;0.35185;0.53125;5053.81150;0.04187;0.53125;373.72992;0.07166;0.34375
479.14755;0.16532;0.53125;5053.81150;0.05717;0.53125;373.72992;0.14401;0.34375
479.14755;0.01626;0.50000;5035.49460;0.04743;0.53125;397.59870;0.24824;0.34375
479.14755;0.02614;0.46875;5035.49460;0.00027;0.53125;397.59870;0.01688;0.31250
479.14755;0.14212;0.46875;5035.49460;0.04564;0.53125;397.59870;0.03635;0.31250
479.14755;0.05685;0.46875;5035.49460;0.03735;0.53125;397.59870;0.01483;0.28125
693.39484;0.07775;0.43750;5035.49460;0.05735;0.53125;397.59870;0.06369;0.28125
693.39484;0.10736;0.43750;5270.88960;0.01743;0.53125;378.82770;0.00277;0.21875
693.39484;0.02030;0.40625;5270.88960;0.00195;0.53125;378.82770;0.09789;0.21875
693.39484;0.01649;0.37500;5270.88960;0.03997;0.53125;378.82770;0.02683;0.18750
693.39484;0.07444;0.37500;5270.88960;0.00562;0.53125;378.82770;0.01152;0.18750
518.48640;0.01241;0.37500;5270.88960;0.00733;0.53125;378.82770;0.02284;0.18750
518.48640;0.02239;0.34375;5522.01760;0.07228;0.53125;344.30127;0.00198;0.18750
518.48640;0.01111;0.34375;5522.01760;0.00883;0.53125;344.30127;0.02165;0.18750
518.48640;0.04095;0.53125;5522.01760;0.00430;0.53125;344.30127;0.03064;0.68750
518.48640;0.33975;0.53125;5522.01760;0.01121;0.53125;344.30127;0.34981;0.68750
465.61707;0.11211;0.53125;5522.01760;0.00029;0.53125;344.30127;0.26293;0.65625
465.61707;0.01888;0.50000;5668.45400;0.01626;0.53125;637.41060;0.06448;0.65625
465.61707;0.11445;0.50000;5668.45400;0.00934;0.53125;637.41060;0.01956;0.65625
465.61707;0.10583;0.46875;5668.45400;0.04544;0.53125;637.41060;0.05072;0.65625
465.61707;0.01592;0.46875;5668.45400;0.04951;0.53125;637.41060;0.00796;0.65625
579.36410;0.07200;0.46875;5668.45400;0.05807;0.53125;637.41060;0.03941;0.65625
579.36410;0.05809;0.43750;5854.12550;0.04587;0.53125;1130.21630;0.00983;0.65625
579.36410;0.06429;0.43750;5854.12550;0.02153;0.53125;1130.21630;0.00419;0.65625
579.36410;0.01233;0.37500;5854.12550;0.02886;0.53125;1130.21630;0.10343;0.65625
579.36410;0.00393;0.37500;5854.12550;0.07880;0.53125;1130.21630;0.00574;0.65625
421.02410;0.03486;0.37500;5854.12550;0.03031;0.53125;1130.21630;0.00182;0.65625
421.02410;0.03566;0.34375;6001.58250;0.00427;0.53125;1177.06070;0.01402;0.65625
421.02410;0.01747;0.34375;6001.58250;0.07141;0.53125;1177.06070;0.02881;0.65625
421.02410;0.03821;0.53125;6001.58250;0.00586;0.56250;1177.06070;0.00277;0.34375
421.02410;0.33952;0.53125;6001.58250;0.02662;0.56250;1177.06070;0.10585;0.31250
423.99866;0.04575;0.53125;6001.58250;0.10271;0.56250;1177.06070;0.12325;0.28125
423.99866;0.11080;0.53125;6485.56600;0.05415;0.56250;1179.66600;0.23380;0.28125
423.99866;0.08184;0.50000;6485.56600;0.00504;0.56250;1179.66600;0.20271;0.25000
423.99866;0.03540;0.46875;6485.56600;0.06005;0.56250;1179.66600;0.19343;0.21875
423.99866;0.00350;0.46875;6485.56600;0.04139;0.56250;1179.66600;0.18879;0.21875
480.19900;0.07086;0.46875;6485.56600;0.04777;0.56250;1179.66600;0.05386;0.18750
480.19900;0.00745;0.46875;6662.03800;0.01361;0.56250;559.89870;0.03434;0.18750
480.19900;0.02708;0.43750;6662.03800;0.01436;0.56250;559.89870;0.03067;0.18750
480.19900;0.16930;0.43750;6662.03800;0.04504;0.56250;559.89870;0.02728;0.18750
480.19900;0.03874;0.37500;6662.03800;0.15563;0.56250;559.89870;0.00662;0.18750
384.79303;0.07407;0.37500;6662.03800;0.13947;0.56250;559.89870;0.00033;0.15625
384.79303;0.02929;0.37500;6870.88430;0.10303;0.56250;310.35210;0.00168;0.09375
384.79303;0.02341;0.34375;6870.88430;0.14077;0.59375;310.35210;0.05258;0.09375
384.79303;0.01915;0.53125;6870.88430;0.16821;0.56250;310.35210;0.02632;0.18750
384.79303;0.25801;0.53125;6870.88430;0.03583;0.56250;310.35210;0.07923;0.18750
379.51382;0.07476;0.53125;6870.88430;0.00174;0.59375;310.35210;0.05772;0.12500
379.51382;0.02629;0.53125;7426.26200;0.08482;0.59375;290.56747;0.00456;0.09375
379.51382;0.03674;0.53125;7426.26200;0.13387;0.59375;290.56747;0.05404;0.06250
379.51382;0.03526;0.50000;7426.26200;0.09722;0.59375;290.56747;0.00677;0.06250
379.51382;0.07035;0.46875;7426.26200;0.14286;0.59375;290.56747;0.01220;0.00000
384.81784;0.02247;0.46875;7426.26200;0.10475;0.59375;290.56747;0.00544;0.00000
384.81784;0.01499;0.46875;8438.01200;0.08406;0.59375;264.85483;0.03765;0.00000
384.81784;0.02395;0.46875;8438.01200;0.09359;0.59375;264.85483;0.00479;-0.06250
384.81784;0.05277;0.43750;8438.01200;0.06615;0.59375;264.85483;0.00223;-0.06250
384.81784;0.02773;0.43750;8438.01200;0.05096;0.59375;264.85483;0.03559;-0.12500
350.29672;0.01138;0.37500;8438.01200;0.08912;0.59375;264.85483;0.01100;-0.12500
350.29672;0.02945;0.37500;9104.01100;0.06998;0.59375;239.15016;0.00229;-0.15625
350.29672;0.04360;0.37500;9104.01100;0.08758;0.59375;239.15016;0.00000;-0.15625
350.29672;0.03152;0.53125;9104.01100;0.06732;0.65625;239.15016;0.01556;0.53125
350.29672;0.01924;0.53125;9104.01100;0.03573;0.65625;239.15016;0.27562;0.53125
332.86790;0.10595;0.53125;9104.01100;0.00952;0.65625;239.15016;0.22341;0.53125
332.86790;0.00761;0.53125;10067.28300;0.02642;0.65625;328.39838;0.02682;0.53125
332.86790;0.01374;0.53125;10067.28300;0.09899;0.65625;328.39838;0.01697;0.53125
332.86790;0.03221;0.53125;10067.28300;0.03384;0.65625;328.39838;0.03832;0.53125
332.86790;0.00536;0.53125;10067.28300;0.09192;0.65625;328.39838;0.02308;0.53125
345.39290;0.00666;0.50000;10067.28300;0.08697;0.65625;328.39838;0.01498;0.53125
345.39290;0.01974;0.46875;10335.81200;0.06972;0.65625;321.99515;0.00672;0.50000
345.39290;0.02672;0.46875;10335.81200;0.10984;0.65625;321.99515;0.01357;0.46875
345.39290;0.00342;0.46875;10335.81200;0.12158;0.65625;321.99515;0.02098;0.46875
345.39290;0.03118;0.46875;10335.81200;0.14205;0.65625;321.99515;0.02469;0.46875
324.94498;0.00612;0.43750;10335.81200;0.18110;0.65625;321.99515;0.06037;0.46875
324.94498;0.12037;0.43750;10621.52900;0.12875;0.65625;300.74698;0.00088;0.46875
324.94498;0.00401;0.37500;10621.52900;0.12912;0.65625;300.74698;0.00623;0.43750
324.94498;0.00540;0.59375;10621.52900;0.19973;0.68750;300.74698;0.10211;0.53125
324.94498;0.18492;0.53125;10621.52900;0.12540;0.68750;300.74698;0.10313;0.53125
360.96463;0.06933;0.53125;10621.52900;0.18916;0.68750;300.74698;0.01561;0.53125
360.96463;0.20733;0.53125;10017.72800;0.26948;0.68750;280.29218;0.03108;0.53125
360.96463;0.04266;0.53125;10017.72800;0.27145;0.68750;280.29218;0.00328;0.53125
360.96463;0.03079;0.53125;10017.72800;0.26101;0.68750;280.29218;0.02842;0.53125
360.96463;0.01676;0.53125;10017.72800;0.27395;0.68750;280.29218;0.02778;0.53125
327.36570;0.04163;0.53125;10017.72800;0.25121;0.68750;280.29218;0.01646;0.50000
327.36570;0.00587;0.53125;9670.88700;0.20215;0.68750;271.87234;0.03231;0.46875
327.36570;0.01930;0.50000;9670.88700;0.08758;0.68750;271.87234;0.00198;0.46875
327.36570;0.00601;0.50000;9670.88700;0.01101;0.71875;271.87234;0.01702;0.46875
327.36570;0.00101;0.46875;9670.88700;0.00911;0.71875;271.87234;0.01721;0.46875
276.46573;0.00154;0.46875;9670.88700;0.00973;0.71875;271.87234;0.03891;0.46875
276.46573;0.00000;0.46875;9438.07700;0.03573;0.71875;258.79453;0.02175;0.43750
276.46573;0.00000;0.43750;9438.07700;0.03459;0.71875;258.79453;0.02778;0.43750
276.46573;0.04242;0.65625;9438.07700;0.05832;0.71875;258.79453;0.04772;0.53125
276.46573;0.14868;0.65625;9438.07700;0.06441;0.71875;258.79453;0.02362;0.53125
298.55157;0.13550;0.62500;9438.07700;0.04119;0.71875;258.79453;0.06016;0.53125
298.55157;0.00165;0.59375;9353.39000;0.04851;0.71875;254.75987;0.03804;0.53125
298.55157;0.03037;0.53125;9353.39000;0.11305;0.71875;254.75987;0.03431;0.53125
298.55157;0.00343;0.53125;9353.39000;0.11251;0.71875;254.75987;0.00457;0.53125
298.55157;0.00758;0.53125;9353.39000;0.08980;0.71875;254.75987;0.00000;0.53125
300.26526;0.02547;0.53125;9353.39000;0.08175;0.71875;254.75987;0.00000;0.53125
300.26526;0.00000;0.53125;9772.34200;0.16918;0.71875;234.18864;0.01023;0.50000
300.26526;0.00000;0.53125;9772.34200;0.10092;0.71875;234.18864;0.01046;0.46875
300.26526;0.00000;0.53125;9772.34200;0.17209;0.71875;234.18864;0.00000;0.46875
300.26526;0.00000;0.53125;9772.34200;0.19160;0.71875;234.18864;0.00000;0.46875
241.13577;0.00000;0.53125;9772.34200;0.13342;0.71875;234.18864;0.00000;0.46875
241.13577;0.00000;0.50000;10097.64200;0.25066;0.75000;202.52496;0.00000;0.43750
241.13577;0.00000;0.50000;10097.64200;0.09866;0.75000;202.52496;0.01544;0.43750
241.13577;0.00000;0.65625;10097.64200;0.19549;0.78125;202.52496;0.00684;0.71875
241.13577;0.04457;0.65625;10097.64200;0.16783;0.78125;202.52496;0.12883;0.71875
242.74214;0.04529;0.65625;10097.64200;0.16490;0.78125;202.52496;0.11111;0.71875
242.74214;0.00144;0.65625;14584.08400;0.23304;0.81250;277.36713;0.00577;0.71875
242.74214;0.00953;0.65625;14584.08400;0.22287;0.81250;277.36713;0.02346;0.68750
242.74214;0.00820;0.65625;14584.08400;0.07457;0.81250;277.36713;0.04847;0.68750
242.74214;0.00000;0.65625;14584.08400;0.05686;0.81250;277.36713;0.03033;0.68750
254.65135;0.00000;0.62500;14584.08400;0.04090;0.81250;277.36713;0.00309;0.68750
254.65135;0.00392;0.59375;14255.91600;0.02590;0.81250;260.68850;0.01570;0.68750
254.65135;0.00400;0.53125;14255.91600;0.00240;0.81250;260.68850;0.00000;0.68750
254.65135;0.00325;0.53125;14255.91600;0.02197;0.81250;260.68850;0.00244;0.68750
254.65135;0.00166;0.53125;14255.91600;0.03648;0.81250;260.68850;0.00332;0.68750
213.48520;0.00253;0.53125;14255.91600;0.04966;0.81250;260.68850;0.00337;0.68750
213.48520;0.01544;0.53125;13938.36300;0.05489;0.81250;236.05116;0.00600;0.68750
213.48520;0.00784;0.53125;13938.36300;0.08449;0.81250;236.05116;0.01829;0.68750
213.48520;0.00622;0.71875;13938.36300;0.11289;0.81250;236.05116;0.01333;0.71875
213.48520;0.09395;0.68750;13938.36300;0.12285;0.81250;236.05116;0.00090;0.71875
234.93936;0.11152;0.68750;13938.36300;0.14077;0.81250;236.05116;0.00366;0.71875
234.93936;0.00366;0.68750;13595.92400;0.13894;0.81250;220.73653;0.00731;0.71875
234.93936;0.00183;0.68750;13595.92400;0.13620;0.81250;220.73653;0.01645;0.71875
234.93936;0.01097;0.68750;13595.92400;0.13985;0.81250;220.73653;0.00731;0.68750
234.93936;0.01371;0.65625;13595.92400;0.13985;0.81250;220.73653;0.01920;0.68750
238.68465;0.01737;0.65625;13595.92400;0.13894;0.84375;220.73653;0.01371;0.68750
238.68465;0.00091;0.65625;13836.82700;0.02559;0.84375;230.64827;0.01371;0.68750
238.68465;0.00457;0.65625;13836.82700;0.04296;0.84375;230.64827;0.02194;0.68750
238.68465;0.00640;0.65625;13836.82700;0.05302;0.84375;230.64827;0.01005;0.68750
238.68465;0.02277;0.65625;13836.82700;0.05009;0.84375;230.64827;0.00182;0.68750
211.78040;0.02459;0.65625;13836.82700;0.06284;0.84375;230.64827;0.00091;0.68750
211.78040;0.01548;0.65625;14324.35900;0.04918;0.84375;203.80810;0.00911;0.68750
211.78040;0.01275;0.65625;14324.35900;0.04827;0.87500;203.80810;0.02368;0.68750
211.78040;0.00455;0.71875;14324.35900;0.06011;0.81250;203.80810;0.04189;0.81250
211.78040;0.00091;0.71875;14324.35900;0.19217;0.81250;203.80810;0.20856;0.81250
248.55010;0.00182;0.71875;14324.35900;0.46266;0.81250;203.80810;0.06102;0.81250
248.55010;0.00729;0.71875;14368.91100;0.46357;0.81250;306.18070;0.04372;0.81250
248.55010;0.00182;0.71875;14368.91100;0.45537;0.81250;306.18070;0.01093;0.81250
248.55010;0.00638;0.71875;14368.91100;0.46539;0.81250;306.18070;0.05738;0.81250
248.55010;0.00725;0.71875;14368.91100;0.19130;0.81250;306.18070;0.07162;0.81250
288.93527;0.00272;0.68750;14368.91100;0.12965;0.81250;306.18070;0.01632;0.78125
288.93527;0.00272;0.68750;12854.06600;0.12058;0.81250;379.67722;0.15594;0.78125
288.93527;0.00544;0.68750;12854.06600;0.12330;0.81250;379.67722;0.04624;0.78125
288.93527;0.01179;0.68750;12854.06600;0.13055;0.84375;379.67722;0.00363;0.78125
288.93527;0.02357;0.68750;12854.06600;0.01813;0.84375;379.67722;0.04261;0.78125
226.37009;0.01904;0.68750;12854.06600;0.04714;0.84375;379.67722;0.01995;0.75000
226.37009;0.00453;0.65625;11788.85600;0.04442;0.84375;395.58023;0.01813;0.75000
226.37009;0.02901;0.65625;11788.85600;0.05440;0.84375;395.58023;0.08704;0.71875
226.37009;0.02992;0.71875;11788.85600;0.05712;0.81250;395.58023;0.03808;0.71875
226.37009;0.00690;0.71875;11788.85600;0.20307;0.81250;395.58023;0.00230;0.71875
273.97028;0.01456;0.71875;11788.85600;0.00077;0.81250;395.58023;0.00996;0.71875
273.97028;0.00460;0.71875;11845.14500;0.22989;0.81250;281.52182;0.00613;0.71875
273.97028;0.00229;0.71875;11845.14500;0.21756;0.81250;281.52182;0.02214;0.71875
273.97028;0.01679;0.71875;11845.14500;0.20687;0.81250;281.52182;0.01527;0.71875
273.97028;0.00153;0.71875;11845.14500;0.04962;0.81250;281.52182;0.00840;0.71875
323.24918;0.00379;0.71875;11845.14500;0.03791;0.81250;281.52182;0.00455;0.71875
323.24918;0.00607;0.68750;11051.60100;0.05914;0.81250;275.79797;0.00758;0.71875
323.24918;0.00000;0.68750;11051.60100;0.06349;0.81250;275.79797;0.00302;0.71875
323.24918;0.01134;0.68750;11051.60100;0.05971;0.81250;275.79797;0.00454;0.71875
323.24918;0.01205;0.68750;11051.60100;0.06401;0.81250;275.79797;0.01054;0.71875
302.70486;0.02410;0.68750;11051.60100;0.06777;0.81250;275.79797;0.00075;0.68750
302.70486;0.00225;0.68750;10642.11400;0.06456;0.81250;280.47272;0.01426;0.68750
302.70486;0.01119;0.65625;10642.11400;0.07084;0.81250;280.47272;0.01268;0.68750
302.70486;0.01040;0.71875;10642.11400;0.02675;0.78125;280.47272;0.01857;0.71875
302.70486;0.03630;0.71875;10642.11400;0.00963;0.78125;280.47272;0.02667;0.71875
301.54892;0.03911;0.71875;10642.11400;0.01550;0.78125;280.47272;0.01033;0.71875
301.54892;0.00367;0.68750;10442.85800;0.13123;0.78125;278.38794;0.00220;0.71875
301.54892;0.00585;0.68750;10442.85800;0.13158;0.78125;278.38794;0.00512;0.71875
301.54892;0.02760;0.68750;10442.85800;0.12999;0.78125;278.38794;0.01961;0.71875
301.54892;0.00649;0.68750;10442.85800;0.14214;0.78125;278.38794;0.00722;0.71875
306.62170;0.00216;0.68750;10442.85800;0.10280;0.78125;278.38794;0.02157;0.71875
306.62170;0.00357;0.68750;10831.65600;0.15071;0.78125;301.01040;0.50357;0.71875
306.62170;0.00071;0.65625;10831.65600;0.13840;0.78125;301.01040;0.49965;0.71875
306.62170;0.01975;0.65625;10831.65600;0.16925;0.78125;301.01040;0.50635;0.71875
306.62170;0.02672;0.65625;10831.65600;0.15963;0.75000;301.01040;0.00492;0.68750
273.25308;0.00975;0.65625;10831.65600;0.13162;0.71875;301.01040;0.00209;0.68750
273.25308;0.00554;0.65625;10813.87600;0.01661;0.71875;288.25455;0.02076;0.68750
273.25308;0.00823;0.65625;10813.87600;0.14746;0.71875;288.25455;0.02195;0.68750
273.25308;0.03954;0.68750;10813.87600;0.19632;0.75000;288.25455;0.01840;0.71875
273.25308;0.01013;0.68750;10813.87600;0.13032;0.75000;288.25455;0.01485;0.71875
292.23620;0.00134;0.68750;10813.87600;0.14698;0.75000;288.25455;0.03020;0.71875
292.23620;0.01397;0.68750;8128.25200;0.17166;0.75000;295.74753;0.01796;0.68750
292.23620;0.00661;0.68750;8128.25200;0.16733;0.75000;295.74753;0.01918;0.68750
292.23620;0.00328;0.65625;8128.25200;0.21822;0.75000;295.74753;0.01376;0.68750
292.23620;0.01173;0.65625;8128.25200;0.13420;0.75000;295.74753;0.02410;0.68750
304.56050;0.02447;0.65625;8128.25200;0.13329;0.71875;295.74753;0.01481;0.68750
304.56050;0.00447;0.65625;8470.31000;0.14304;0.71875;294.77510;0.01533;0.68750
304.56050;0.00190;0.65625;8470.31000;0.18418;0.71875;294.77510;0.00823;0.68750
304.56050;0.02009;0.65625;8470.31000;0.14878;0.71875;294.77510;0.02574;0.68750
304.56050;0.01241;0.65625;8470.31000;0.17629;0.71875;294.77510;0.02980;0.65625
309.02496;0.00864;0.65625;8470.31000;0.15247;0.71875;294.77510;0.03333;0.65625
309.02496;0.01893;0.65625;8126.08250;0.11050;0.71875;282.97614;0.04579;0.65625
309.02496;0.02778;0.65625;8126.08250;0.07488;0.71875;282.97614;0.02476;0.65625
309.02496;0.00060;0.68750;8126.08250;0.10958;0.71875;282.97614;0.02036;0.68750
309.02496;0.01066;0.68750;8126.08250;0.12263;0.71875;282.97614;0.06220;0.68750
325.26334;0.02521;0.65625;8126.08250;0.05451;0.71875;282.97614;0.02931;0.68750
325.26334;0.01914;0.65625;7853.44500;0.07193;0.71875;294.10364;0.00870;0.68750
325.26334;0.05066;0.65625;7853.44500;0.07542;0.71875;294.10364;0.02015;0.65625
325.26334;0.02165;0.65625;7853.44500;0.03533;0.71875;294.10364;0.05242;0.65625
325.26334;0.01748;0.65625;7853.44500;0.07783;0.71875;294.10364;0.07558;0.65625
334.32965;0.01336;0.65625;7853.44500;0.05290;0.71875;294.10364;0.01002;0.65625
334.32965;0.02756;0.65625;7203.06740;0.00276;0.71875;292.95358;0.02646;0.65625
334.32965;0.02025;0.65625;7203.06740;0.02846;0.71875;292.95358;0.00109;0.65625
334.32965;0.01243;0.65625;7203.06740;0.47784;0.71875;292.95358;0.04216;0.65625
334.32965;0.01335;0.65625;7203.06740;0.53579;0.71875;292.95358;0.00427;0.65625
335.01782;0.01111;0.59375;7203.06740;0.48889;0.71875;292.95358;0.01905;0.65625
335.01782;0.03555;0.56250;6708.27540;0.00941;0.71875;304.97690;0.01464;0.62500
335.01782;0.01137;0.53125;6708.27540;0.49457;0.71875;304.97690;0.05116;0.62500
335.01782;0.01583;0.65625;6708.27540;0.50153;0.68750;304.97690;0.14147;0.68750
335.01782;0.01518;0.65625;6708.27540;0.01366;0.68750;304.97690;0.12348;0.68750
352.78976;0.02603;0.65625;6708.27540;0.07307;0.68750;304.97690;0.01702;0.68750
352.78976;0.00049;0.65625;6194.98050;0.02128;0.68750;342.28772;0.02326;0.65625
352.78976;0.00732;0.65625;6194.98050;0.04199;0.68750;342.28772;0.02100;0.65625
352.78976;0.00676;0.65625;6194.98050;0.03237;0.68750;342.28772;0.01932;0.65625
352.78976;0.01529;0.65625;6194.98050;0.03153;0.68750;342.28772;0.03058;0.65625
385.43384;0.50827;0.59375;6194.98050;0.09125;0.68750;342.28772;0.02837;0.65625
385.43384;0.46825;0.59375;5943.67630;0.08870;0.68750;345.75687;0.03828;0.65625
385.43384;0.34042;0.53125;5943.67630;0.07113;0.68750;345.75687;0.00647;0.65625
385.43384;0.00503;0.53125;5943.67630;0.05716;0.68750;345.75687;0.02835;0.65625
385.43384;0.00361;0.53125;5943.67630;0.15007;0.68750;345.75687;0.07481;0.62500
366.26680;0.02760;0.53125;5943.67630;0.05565;0.68750;345.75687;0.09840;0.62500
366.26680;0.00220;0.53125;5854.73300;0.09303;0.68750;352.65387;0.07407;0.59375
366.26680;0.01569;0.53125;5854.73300;0.04401;0.68750;352.65387;0.06275;0.59375
366.26680;0.00431;0.65625;5854.73300;0.16882;0.65625;352.65387;0.02713;0.65625
366.26680;0.16865;0.65625;5854.73300;0.01869;0.65625;352.65387;0.12362;0.65625
389.84872;0.04284;0.62500;5854.73300;0.03948;0.65625;352.65387;0.03528;0.65625
389.84872;0.13455;0.59375;5482.86570;0.03073;0.65625;391.02100;0.08513;0.65625
389.84872;0.02094;0.59375;5482.86570;0.04066;0.65625;391.02100;0.03943;0.65625
389.84872;0.00973;0.53125;5482.86570;0.00365;0.65625;391.02100;0.04501;0.65625
389.84872;0.01163;0.53125;5482.86570;0.04493;0.65625;391.02100;0.05335;0.65625
422.63464;0.02619;0.53125;5482.86570;0.00635;0.65625;391.02100;0.02381;0.65625
422.63464;0.00039;0.53125;5300.59100;0.01565;0.65625;394.45236;0.02308;0.62500
422.63464;0.01665;0.53125;5300.59100;0.01549;0.65625;394.45236;0.07162;0.62500
422.63464;0.01686;0.53125;5300.59100;0.07203;0.65625;394.45236;0.05670;0.59375
422.63464;0.02494;0.53125;5300.59100;0.05971;0.65625;394.45236;0.00454;0.59375
371.16278;0.00261;0.53125;5300.59100;0.04220;0.65625;394.45236;0.00075;0.56250
371.16278;0.01590;0.50000;5454.95170;0.08835;0.65625;419.25284;0.03993;0.56250
371.16278;0.01642;0.50000;5454.95170;0.04269;0.65625;419.25284;0.01496;0.53125
371.16278;0.00649;0.59375;5454.95170;0.05447;0.65625;419.25284;0.03644;0.62500
371.16278;0.09188;0.53125;5454.95170;0.05093;0.65625;419.25284;0.12108;0.62500
407.39352;0.04374;0.53125;5454.95170;0.10229;0.62500;419.25284;0.02399;0.59375
407.39352;0.01567;0.53125;5686.49270;0.02125;0.62500;481.20334;0.03657;0.59375
407.39352;0.00757;0.53125;5686.49270;0.01479;0.62500;481.20334;0.00963;0.56250
407.39352;0.00680;0.53125;5686.49270;0.17091;0.59375;481.20334;0.02888;0.53125
407.39352;0.01076;0.53125;5686.49270;0.12739;0.59375;481.20334;0.04538;0.53125
434.11990;0.02026;0.53125;5686.49270;0.19429;0.59375;481.20334;0.00133;0.53125
434.11990;0.01972;0.50000;5668.33940;0.23110;0.56250;476.97235;0.01085;0.53125
434.11990;0.00746;0.46875;5668.33940;0.17256;0.56250;476.97235;0.03665;0.53125
434.11990;0.01956;0.46875;5668.33940;0.12568;0.56250;476.97235;0.00160;0.53125
434.11990;0.01651;0.46875;5668.33940;0.17333;0.53125;476.97235;0.00603;0.53125
418.13968;0.01820;0.46875;5668.33940;0.07031;0.53125;476.97235;0.02166;0.53125
418.13968;0.00590;0.46875;5608.98930;0.00497;0.53125;392.42914;0.01490;0.53125
418.13968;0.01964;0.43750;5608.98930;0.03223;0.53125;392.42914;0.00215;0.53125
418.13968;0.00729;0.53125;5608.98930;0.01641;0.53125;392.42914;0.01337;0.46875
418.13968;0.02465;0.53125;5608.98930;0.03788;0.53125;392.42914;0.00812;0.46875
434.64810;0.00806;0.53125;5608.98930;0.02718;0.53125;392.42914;0.01344;0.43750
434.64810;0.01988;0.53125;5461.00900;0.09137;0.53125;406.11480;0.00682;0.43750
434.64810;0.01857;0.53125;5461.00900;0.00737;0.53125;406.11480;0.04185;0.40625
434.64810;0.01991;0.50000;5461.00900;0.07055;0.53125;406.11480;0.04215;0.37500
434.64810;0.01163;0.46875;5461.00900;0.05323;0.53125;406.11480;0.02094;0.37500
493.14860;0.03843;0.46875;5461.00900;0.05808;0.53125;406.11480;0.01474;0.34375
493.14860;0.03248;0.46875;5737.71800;0.08278;0.50000;386.06284;0.01725;0.34375
493.14860;0.01514;0.46875;5737.71800;0.04799;0.46875;386.06284;0.00714;0.34375
493.14860;0.00709;0.46875;5737.71800;0.14160;0.46875;386.06284;0.00454;0.34375
493.14860;0.00226;0.43750;5737.71800;0.20587;0.46875;386.06284;0.01495;0.34375
443.08322;0.01317;0.40625;5737.71800;0.20314;0.46875;386.06284;0.01849;0.31250
443.08322;0.01030;0.40625;6255.51100;0.15038;0.46875;377.95047;0.02673;0.31250
443.08322;0.00415;0.37500;6255.51100;0.11013;0.46875;377.95047;0.00083;0.28125
443.08322;0.07041;0.53125;6255.51100;0.11276;0.53125;377.95047;0.04345;0.46875
443.08322;0.17464;0.53125;6255.51100;0.06942;0.53125;377.95047;0.18612;0.46875
478.36273;0.11166;0.53125;6255.51100;0.04303;0.53125;377.95047;0.01117;0.46875
478.36273;0.06631;0.53125;5945.27200;0.03058;0.53125;473.39197;0.09364;0.43750
478.36273;0.01560;0.46875;5945.27200;0.01614;0.53125;473.39197;0.01587;0.43750
478.36273;0.06471;0.46875;5945.27200;0.02674;0.53125;473.39197;0.00000;0.43750
478.36273;0.03881;0.46875;5945.27200;0.04811;0.50000;473.39197;0.00452;0.43750
710.97284;0.03937;0.46875;5945.27200;0.00872;0.46875;473.39197;0.01162;0.40625
710.97284;0.05437;0.43750;5225.44530;0.10218;0.46875;444.16766;0.04886;0.37500
710.97284;0.01227;0.43750;5225.44530;0.13133;0.46875;444.16766;0.02115;0.37500
710.97284;0.05114;0.40625;5225.44530;0.10280;0.46875;444.16766;0.01376;0.34375
710.97284;0.04858;0.37500;5225.44530;0.03953;0.46875;444.16766;0.01318;0.34375
612.11334;0.06833;0.37500;5225.44530;0.06191;0.46875;444.16766;0.02286;0.34375
612.11334;0.06437;0.34375;4367.87740;0.08685;0.46875;387.68042;0.24598;0.34375
612.11334;0.00813;0.34375;4367.87740;0.01168;0.46875;387.68042;0.00279;0.34375
612.11334;0.04116;0.53125;4367.87740;0.12298;0.46875;387.68042;0.00227;0.46875
612.11334;0.20587;0.53125;4367.87740;0.05448;0.46875;387.68042;0.16344;0.43750
537.88020;0.12360;0.50000;4367.87740;0.04270;0.46875;387.68042;0.05918;0.43750
537.88020;0.01564;0.46875;4219.08000;0.07547;0.46875;481.66464;0.09335;0.43750
537.88020;0.02126;0.46875;4219.08000;0.00667;0.46875;481.66464;0.00766;0.43750
537.88020;0.05162;0.46875;4219.08000;0.05482;0.46875;481.66464;0.04081;0.43750
537.88020;0.07798;0.46875;4219.08000;0.07553;0.46875;481.66464;0.05378;0.43750
721.33720;0.02285;0.43750;4219.08000;0.04790;0.46875;481.66464;0.03307;0.43750
721.33720;0.02285;0.43750;3728.31700;0.00292;0.46875;506.50180;0.00170;0.40625
721.33720;0.01021;0.40625;3728.31700;0.03817;0.46875;506.50180;0.04085;0.40625
721.33720;0.02212;0.37500;3728.31700;0.01240;0.46875;506.50180;0.02796;0.37500
721.33720;0.07391;0.37500;3728.31700;0.01556;0.46875;506.50180;0.05957;0.37500
595.48486;0.03088;0.34375;3728.31700;0.08388;0.46875;506.50180;0.01216;0.37500
595.48486;0.01118;0.34375;3422.03740;0.00948;0.43750;449.05905;0.00924;0.34375
595.48486;0.02845;0.34375;3422.03740;0.01021;0.43750;449.05905;0.00097;0.34375
595.48486;0.01118;0.53125;3422.03740;0.04352;0.46875;449.05905;0.00073;0.43750
595.48486;0.23000;0.50000;3422.03740;0.01434;0.46875;449.05905;0.02018;0.40625
605.14790;0.14782;0.46875;3422.03740;0.06565;0.46875;449.05905;0.01118;0.37500
605.14790;0.00535;0.46875;3208.76560;0.02699;0.43750;445.47560;0.01094;0.37500
605.14790;0.07464;0.46875;3208.76560;0.07391;0.43750;445.47560;0.02140;0.34375
605.14790;0.03744;0.46875;3208.76560;0.00705;0.43750;445.47560;0.01629;0.34375
605.14790;0.03039;0.43750;3208.76560;0.01556;0.43750;445.47560;0.01070;0.34375
840.76030;0.06492;0.40625;3208.76560;0.00802;0.43750;445.47560;0.04376;0.34375
840.76030;0.02140;0.37500;3118.41460;0.01070;0.43750;422.91623;0.05616;0.34375
840.76030;0.05033;0.37500;3118.41460;0.01896;0.43750;422.91623;0.01629;0.34375
840.76030;0.01483;0.34375;3118.41460;0.01848;0.43750;422.91623;0.00924;0.31250
840.76030;0.05373;0.34375;3118.41460;0.03428;0.43750;422.91623;0.01726;0.31250
628.43760;0.01143;0.34375;3118.41460;0.04474;0.43750;422.91623;0.01070;0.28125
628.43760;0.01459;0.34375;3129.90840;0.00170;0.43750;434.99234;0.05300;0.28125
628.43760;0.02553;0.31250;3129.90840;0.00559;0.40625;434.99234;0.07440;0.25000
628.43760;0.00997;0.53125;3129.90840;0.03307;0.46875;434.99234;0.00948;0.18750
628.43760;0.22563;0.50000;3129.90840;0.10309;0.46875;434.99234;0.02431;0.18750
634.42990;0.11451;0.50000;3129.90840;0.02772;0.46875;434.99234;0.00413;0.18750
634.42990;0.00024;0.46875;3300.95850;0.03890;0.46875;412.47046;0.02383;0.15625
634.42990;0.02918;0.46875;3300.95850;0.00997;0.46875;412.47046;0.01775;0.12500
634.42990;0.00219;0.46875;3300.95850;0.03866;0.46875;412.47046;0.00729;0.09375
634.42990;0.00049;0.43750;3300.95850;0.01921;0.46875;412.47046;0.01021;0.09375
886.56750;0.01313;0.43750;3300.95850;0.01775;0.46875;412.47046;0.00656;0.09375
886.56750;0.01021;0.40625;3165.92140;0.04984;0.46875;392.18150;0.01118;0.06250
886.56750;0.03963;0.37500;3165.92140;0.00097;0.46875;392.18150;0.00316;0.00000
886.56750;0.02650;0.37500;3165.92140;0.00170;0.46875;392.18150;0.01678;0.00000
886.56750;0.01459;0.34375;3165.92140;0.05154;0.46875;392.18150;0.01629;0.00000
808.90220;0.08412;0.34375;3165.92140;0.01799;0.46875;392.18150;0.00389;0.00000
808.90220;0.03161;0.34375;3234.03960;0.02650;0.46875;374.58926;0.00462;-0.06250
808.90220;0.00611;0.31250;3234.03960;0.02076;0.46875;374.58926;0.03761;-0.06250
808.90220;0.01766;0.53125;3234.03960;0.01055;0.46875;374.58926;0.02453;0.28125
808.90220;0.17337;0.50000;3234.03960;0.00321;0.46875;374.58926;0.08533;0.25000
763.61100;0.12447;0.46875;3234.03960;0.03860;0.46875;374.58926;0.04355;0.25000
763.61100;0.01839;0.46875;3226.54420;0.01317;0.46875;420.64142;0.04077;0.21875
763.61100;0.09638;0.46875;3226.54420;0.00125;0.46875;420.64142;0.00649;0.18750
763.61100;0.02209;0.46875;3226.54420;0.04117;0.46875;420.64142;0.01833;0.18750
763.61100;0.08953;0.43750;3226.54420;0.00504;0.46875;420.64142;0.01438;0.18750
899.11540;0.00683;0.43750;3226.54420;0.11415;0.46875;420.64142;0.03265;0.18750
899.11540;0.01144;0.40625;3578.43680;0.09560;0.46875;394.47882;0.01856;0.18750
899.11540;0.00332;0.37500;3578.43680;0.10013;0.46875;394.47882;0.02759;0.15625
899.11540;0.16851;0.37500;3578.43680;0.10018;0.46875;394.47882;0.02158;0.09375
899.11540;0.01445;0.34375;3578.43680;0.05548;0.46875;394.47882;0.01342;0.09375
730.98840;0.02512;0.34375;3578.43680;0.11759;0.46875;394.47882;0.00544;0.09375
730.98840;0.04736;0.34375;3610.98120;0.13687;0.46875;368.54260;0.00651;0.09375
730.98840;0.01832;0.31250;3610.98120;0.13373;0.46875;368.54260;0.00942;0.09375
730.98840;0.04970;0.53125;3610.98120;0.10387;0.50000;368.54260;0.01683;0.31250
730.98840;0.22563;0.53125;3610.98120;0.03276;0.50000;368.54260;0.16169;0.31250
668.53174;0.13286;0.50000;3610.98120;0.05701;0.50000;368.54260;0.00981;0.28125
668.53174;0.03734;0.46875;2933.46400;0.08055;0.50000;437.27103;0.06615;0.28125
668.53174;0.04771;0.46875;2933.46400;0.09166;0.53125;437.27103;0.07076;0.25000
668.53174;0.10154;0.46875;2933.46400;0.08699;0.53125;437.27103;0.00242;0.25000
668.53174;0.00298;0.43750;2933.46400;0.06441;0.53125;437.27103;0.00271;0.21875
741.22950;0.04303;0.43750;2933.46400;0.06781;0.53125;437.27103;0.02887;0.18750
741.22950;0.12900;0.40625;2438.15380;0.07352;0.53125;381.40076;0.00000;0.18750
741.22950;0.04422;0.37500;2438.15380;0.08322;0.53125;381.40076;0.01977;0.18750
741.22950;0.03312;0.37500;2438.15380;0.09605;0.53125;381.40076;0.00552;0.18750
741.22950;0.03528;0.34375;2438.15380;0.08444;0.53125;381.40076;0.49095;0.18750
533.09190;0.05388;0.34375;2438.15380;0.04886;0.53125;381.40076;0.00168;0.15625
533.09190;0.00560;0.34375;1898.59660;0.31577;0.53125;348.74377;0.51610;0.12500
533.09190;0.01999;0.34375;1898.59660;0.08110;0.53125;348.74377;0.25726;0.09375
533.09190;0.01389;0.53125;1898.59660;0.02409;0.53125;348.74377;0.03476;0.00000
533.09190;0.18775;0.53125;1898.59660;0.05071;0.53125;348.74377;0.01403;-0.06250
480.83963;0.14977;0.50000;1898.59660;0.03150;0.53125;348.74377;0.01064;-0.09375
480.83963;0.10032;0.46875;1714.11050;0.00402;0.53125;324.13855;0.02167;-0.12500
480.83963;0.09361;0.46875;1714.11050;0.04305;0.53125;324.13855;0.03407;-0.15625
480.83963;0.02912;0.46875;1714.11050;0.02825;0.53125;324.13855;0.03263;-0.15625
480.83963;0.04850;0.46875;1714.11050;0.00558;0.53125;324.13855;0.01479;-0.18750
519.91394;0.01124;0.46875;1714.11050;0.02959;0.53125;324.13855;0.01372;-0.21875
519.91394;0.00537;0.43750;1660.87660;0.01730;0.53125;279.54640;0.02676;-0.25000
519.91394;0.07667;0.40625;1660.87660;0.02405;0.53125;279.54640;0.02604;-0.25000
519.91394;0.07569;0.37500;1660.87660;0.03815;0.53125;279.54640;0.01587;-0.28125
519.91394;0.05708;0.37500;1660.87660;0.00153;0.53125;279.54640;0.01537;-0.34375
414.40897;0.03596;0.34375;1660.87660;0.01045;0.53125;279.54640;0.01707;-0.34375
414.40897;0.05028;0.34375;1692.55130;0.05742;0.53125;257.26288;0.01127;-0.37500
414.40897;0.00814;0.34375;1692.55130;0.00657;0.53125;257.26288;0.02742;-0.37500
414.40897;0.05484;0.53125;1692.55130;0.05106;0.53125;257.26288;0.01017;0.18750
414.40897;0.29402;0.53125;1692.55130;0.01240;0.53125;257.26288;0.19814;0.18750
441.24260;0.11702;0.53125;1692.55130;0.04008;0.53125;257.26288;0.12855;0.15625
441.24260;0.14180;0.50000;1650.69620;0.02681;0.53125;331.58923;0.04796;0.12500
441.24260;0.09788;0.46875;1650.69620;0.05710;0.53125;331.58923;0.00000;0.09375
441.24260;0.05687;0.46875;1650.69620;0.03353;0.53125;331.58923;0.02498;0.09375
441.24260;0.00033;0.46875;1650.69620;0.05041;0.53125;331.58923;0.00531;0.09375
463.28174;0.01573;0.46875;1650.69620;0.08300;0.53125;331.58923;0.00167;0.06250
463.28174;0.03136;0.46875;1579.02480;0.03439;0.53125;281.08100;0.00067;0.00000
463.28174;0.01565;0.43750;1579.02480;0.00715;0.53125;281.08100;0.00408;0.00000
463.28174;0.07327;0.40625;1579.02480;0.08325;0.53125;281.08100;0.05057;0.00000
463.28174;0.03640;0.37500;1579.02480;0.00173;0.56250;281.08100;0.00589;0.00000
358.44946;0.01924;0.37500;1579.02480;0.00595;0.59375;281.08100;0.01994;0.00000
358.44946;0.01590;0.34375;1531.44840;0.03744;0.59375;268.22107;0.01413;-0.06250
358.44946;0.01994;0.34375;1531.44840;0.02172;0.59375;268.22107;0.03348;-0.06250
358.44946;0.00360;0.53125;1531.44840;0.06544;0.62500;268.22107;0.02373;0.53125
358.44946;0.20007;0.53125;1531.44840;0.03262;0.62500;268.22107;0.35629;0.53125
377.67245;0.00623;0.53125;1531.44840;0.03080;0.62500;268.22107;0.06637;0.53125
377.67245;0.06926;0.53125;1500.60220;0.08000;0.65625;398.14264;0.16037;0.53125
377.67245;0.02278;0.53125;1500.60220;0.17065;0.65625;398.14264;0.01456;0.53125
377.67245;0.00830;0.50000;1500.60220;0.00302;0.65625;398.14264;0.03282;0.50000
377.67245;0.02373;0.46875;1500.60220;0.00152;0.65625;398.14264;0.01220;0.46875
369.62872;0.09771;0.46875;1500.60220;0.02999;0.65625;398.14264;0.01461;0.46875
369.62872;0.03696;0.46875;1466.48290;0.05798;0.65625;328.50128;0.01089;0.46875
369.62872;0.51451;0.46875;1466.48290;0.05261;0.65625;328.50128;0.02316;0.43750
369.62872;0.19134;0.46875;1466.48290;0.05992;0.65625;328.50128;0.32817;0.43750
369.62872;0.13122;0.43750;1466.48290;0.04644;0.65625;328.50128;0.11569;0.43750
332.97296;0.07680;0.40625;1466.48290;0.00688;0.65625;328.50128;0.01740;0.43750
332.97296;0.03751;0.37500;1467.06500;0.05147;0.65625;314.80975;0.04943;0.40625
332.97296;0.04544;0.37500;1467.06500;0.05359;0.65625;314.80975;0.01113;0.37500
332.97296;0.01136;0.53125;1467.06500;0.17868;0.65625;314.80975;0.03460;0.46875
332.97296;0.08751;0.53125;1467.06500;0.36099;0.65625;314.80975;0.26557;0.43750
320.60028;0.01034;0.53125;1467.06500;0.46215;0.65625;314.80975;0.25573;0.43750
320.60028;0.00826;0.53125;1356.77760;0.18436;0.65625;289.98056;0.01938;0.43750
320.60028;0.00489;0.50000;1356.77760;0.43561;0.68750;289.98056;0.04392;0.37500
320.60028;0.00180;0.46875;1356.77760;0.30835;0.68750;289.98056;0.04667;0.37500
329.49520;0.09932;0.46875;1356.77760;0.24308;0.68750;289.98056;0.01481;0.34375
329.49520;0.03398;0.46875;987.55725;0.10009;0.68750;258.80063;0.02812;0.34375
329.49520;0.07096;0.46875;987.55725;0.02597;0.68750;258.80063;0.02801;0.34375
329.49520;0.06001;0.46875;987.55725;0.02157;0.68750;258.80063;0.01623;0.34375
329.49520;0.01709;0.43750;987.55725;0.01187;0.68750;258.80063;0.02532;0.34375
278.93310;0.01056;0.40625;987.55725;0.04894;0.68750;258.80063;0.01662;0.31250
278.93310;0.22853;0.37500;370.52490;0.00388;0.68750;234.85521;0.01919;0.31250
278.93310;0.02611;0.37500;370.52490;0.00345;0.68750;234.85521;0.03251;0.28125
278.93310;0.05830;0.62500;370.52490;0.03787;0.65625;234.85521;0.00148;0.68750
278.93310;0.37683;0.59375;370.52490;0.02821;0.65625;234.85521;0.47932;0.68750
340.48785;0.04035;0.56250;370.52490;0.00970;0.65625;234.85521;0.21209;0.68750
340.48785;0.15556;0.53125;358.32767;0.05685;0.65625;338.93735;0.01788;0.68750
340.48785;0.05855;0.53125;358.32767;0.01673;0.65625;338.93735;0.00879;0.68750
340.48785;0.09279;0.53125;358.32767;0.01803;0.65625;338.93735;0.07946;0.68750
340.48785;0.01986;0.53125;358.32767;0.03972;0.65625;338.93735;0.03393;0.68750
294.40400;0.02607;0.53125;358.32767;0.02933;0.65625;338.93735;0.03757;0.68750
294.40400;0.00110;0.53125;323.62280;0.00825;0.65625;347.37380;0.01955;0.68750
294.40400;0.00390;0.53125;323.62280;0.02171;0.65625;347.37380;0.03080;0.68750
294.40400;0.02538;0.50000;323.62280;0.02764;0.65625;347.37380;0.01893;0.68750
294.40400;0.05869;0.46875;323.62280;0.01197;0.65625;347.37380;0.09588;0.68750
273.86520;0.05309;0.46875;323.62280;0.00404;0.68750;347.37380;0.02165;0.68750
273.86520;0.03275;0.46875;300.53714;0.04327;0.68750;333.38953;0.08482;0.68750
273.86520;0.02423;0.46875;300.53714;0.00414;0.68750;333.38953;0.13567;0.68750
273.86520;0.09760;0.65625;300.53714;0.00240;0.71875;333.38953;0.00473;0.71875
273.86520;0.23188;0.65625;300.53714;0.04348;0.71875;333.38953;0.07844;0.71875
267.37940;0.08262;0.65625;300.53714;0.00551;0.71875;333.38953;0.01691;0.71875
267.37940;0.07859;0.65625;357.62604;0.02785;0.71875;336.86545;0.04039;0.71875
267.37940;0.00188;0.65625;357.62604;0.02072;0.71875;336.86545;0.02537;0.71875
267.37940;0.03175;0.59375;357.62604;0.01016;0.78125;336.86545;0.05148;0.71875
267.37940;0.06037;0.56250;357.62604;0.12909;0.78125;336.86545;0.00635;0.71875
297.95398;0.05147;0.53125;357.62604;0.07492;0.78125;336.86545;0.01734;0.71875
297.95398;0.12755;0.53125;452.43683;0.09730;0.81250;331.71533;0.03322;0.71875
297.95398;0.04591;0.53125;452.43683;0.12176;0.81250;331.71533;0.03222;0.71875
297.95398;0.00539;0.53125;452.43683;0.01481;0.81250;331.71533;0.02661;0.71875
297.95398;0.04022;0.53125;452.43683;0.00136;0.81250;331.71533;0.00202;0.71875
227.68925;0.03370;0.53125;452.43683;0.00963;0.81250;331.71533;0.03681;0.71875
227.68925;0.08496;0.53125;485.74387;0.03482;0.81250;321.55624;0.03301;0.71875
227.68925;0.04161;0.53125;485.74387;0.01058;0.81250;321.55624;0.03621;0.71875
227.68925;0.04786;0.68750;485.74387;0.00071;0.81250;321.55624;0.04161;0.68750
227.68925;0.22872;0.65625;485.74387;0.01010;0.81250;321.55624;0.00357;0.68750
255.33113;0.13328;0.65625;485.74387;0.02986;0.81250;321.55624;0.01876;0.68750
255.33113;0.09520;0.65625;465.29608;0.01107;0.81250;281.74704;0.00583;0.68750
255.33113;0.00522;0.65625;465.29608;0.00597;0.81250;281.74704;0.01181;0.68750
255.33113;0.06803;0.65625;465.29608;0.01512;0.81250;281.74704;0.01268;0.68750
255.33113;0.03435;0.65625;465.29608;0.02137;0.81250;281.74704;0.02948;0.65625
262.35916;0.03395;0.65625;465.29608;0.01312;0.81250;281.74704;0.01679;0.65625
262.35916;0.04910;0.65625;430.57930;0.00935;0.81250;241.04906;0.00231;0.65625
262.35916;0.00395;0.65625;430.57930;0.01265;0.81250;241.04906;0.00624;0.65625
262.35916;0.00000;0.62500;430.57930;0.01911;0.81250;241.04906;0.05850;0.65625
262.35916;0.01115;0.59375;430.57930;0.03543;0.81250;241.04906;0.01513;0.65625
234.50410;0.00966;0.56250;430.57930;0.02522;0.81250;241.04906;0.02576;0.65625
234.50410;0.05696;0.53125;419.16367;0.01235;0.81250;207.90756;0.01871;0.65625
234.50410;0.09465;0.53125;419.16367;0.01575;0.81250;207.90756;0.03457;0.65625
234.50410;0.00249;0.71875;419.16367;0.00168;0.81250;207.90756;0.01824;0.71875
234.50410;0.36295;0.71875;419.16367;0.05021;0.81250;207.90756;0.03185;0.71875
253.28914;0.16085;0.71875;419.16367;0.02230;0.81250;207.90756;0.02894;0.71875
253.28914;0.01029;0.68750;398.83862;0.01042;0.81250;237.12007;0.01458;0.71875
253.28914;0.03125;0.68750;398.83862;0.00700;0.81250;237.12007;0.00260;0.68750
253.28914;0.06474;0.68750;398.83862;0.01150;0.81250;237.12007;0.01225;0.68750
253.28914;0.01150;0.68750;398.83862;0.02944;0.81250;237.12007;0.02389;0.68750
248.33000;0.00357;0.68750;398.83862;0.05108;0.81250;237.12007;0.05352;0.68750
248.33000;0.03763;0.65625;374.81560;0.01360;0.81250;214.29106;0.02061;0.68750
248.33000;0.02811;0.65625;374.81560;0.04022;0.81250;214.29106;0.02992;0.68750
248.33000;0.02925;0.65625;374.81560;0.02778;0.81250;214.29106;0.03839;0.68750
248.33000;0.02963;0.65625;374.81560;0.00093;0.81250;214.29106;0.00463;0.68750
216.10495;0.04275;0.65625;374.81560;0.00847;0.81250;214.29106;0.01952;0.68750
216.10495;0.03672;0.65625;358.37228;0.01330;0.84375;203.27147;0.04614;0.65625
216.10495;0.00380;0.65625;358.37228;0.02097;0.84375;203.27147;0.03894;0.65625
216.10495;0.01239;0.71875;358.37228;0.00676;0.81250;203.27147;0.07817;0.81250
216.10495;0.07440;0.71875;358.37228;0.04947;0.81250;203.27147;0.51014;0.81250
232.95009;0.00485;0.71875;358.37228;0.03638;0.81250;203.27147;0.02425;0.81250
232.95009;0.04720;0.71875;438.93750;0.00395;0.81250;299.99478;0.00197;0.81250
232.95009;0.02764;0.71875;438.93750;0.00694;0.84375;299.99478;0.03159;0.81250
232.95009;0.02381;0.71875;438.93750;0.03884;0.84375;299.99478;0.08929;0.78125
232.95009;0.02191;0.68750;438.93750;0.01212;0.84375;299.99478;0.28685;0.78125
252.13753;0.00808;0.68750;438.93750;0.00507;0.84375;299.99478;0.03232;0.78125
252.13753;0.03347;0.68750;441.76895;0.00612;0.84375;350.47870;0.02028;0.78125
252.13753;0.02956;0.68750;441.76895;0.01543;0.84375;350.47870;0.02446;0.78125
252.13753;0.04115;0.68750;441.76895;0.00620;0.84375;350.47870;0.00103;0.78125
252.13753;0.00103;0.68750;441.76895;0.00104;0.84375;350.47870;0.02789;0.75000
200.55565;0.02492;0.68750;441.76895;0.00730;0.84375;350.47870;0.08723;0.71875
200.55565;0.00313;0.65625;477.88052;0.00947;0.84375;315.39294;0.00730;0.71875
200.55565;0.02737;0.65625;477.88052;0.01481;0.84375;315.39294;0.07263;0.71875
200.55565;0.04656;0.78125;477.88052;0.00531;0.84375;315.39294;0.01376;0.81250
200.55565;0.30712;0.75000;477.88052;0.00213;0.84375;315.39294;0.39851;0.78125
260.72784;0.10414;0.71875;477.88052;0.00000;0.84375;315.39294;0.20723;0.78125
260.72784;0.03739;0.71875;467.15112;0.00641;0.84375;281.60895;0.05128;0.78125
260.72784;0.05825;0.71875;467.15112;0.00108;0.84375;281.60895;0.01294;0.78125
260.72784;0.04207;0.71875;467.15112;0.00108;0.84375;281.60895;0.02697;0.75000
260.72784;0.06392;0.71875;467.15112;0.00217;0.84375;281.60895;0.00433;0.71875
246.05350;0.05634;0.71875;467.15112;0.00433;0.84375;281.60895;0.10509;0.71875
246.05350;0.00327;0.71875;456.34784;0.00654;0.84375;273.39648;0.05664;0.71875
246.05350;0.05584;0.71875;456.34784;0.01142;0.84375;273.39648;0.05584;0.71875
246.05350;0.01660;0.71875;456.34784;0.00128;0.84375;273.39648;0.01277;0.71875
246.05350;0.01540;0.68750;456.34784;0.00000;0.84375;273.39648;0.01412;0.71875
208.90265;0.01669;0.68750;456.34784;0.00257;0.84375;273.39648;0.03209;0.71875
208.90265;0.07013;0.68750;385.64294;0.00390;0.84375;171.72070;0.01039;0.71875
208.90265;0.00779;0.68750;385.64294;0.01039;0.84375;171.72070;0.00000;0.71875
208.90265;0.02876;0.81250;385.64294;0.00131;0.84375;171.72070;0.02745;0.84375
208.90265;0.39346;0.81250;385.64294;0.00261;0.87500;171.72070;0.43660;0.84375
200.34212;0.05752;0.81250;385.64294;0.00131;0.87500;171.72070;0.02092;0.84375
200.34212;0.01830;0.81250;379.41070;0.00000;0.87500;235.90913;0.02484;0.84375
200.34212;0.00131;0.81250;379.41070;0.01307;0.87500;235.90913;0.00392;0.84375
200.34212;0.01569;0.78125;379.41070;0.00131;0.87500;235.90913;0.00261;0.84375
200.34212;0.05490;0.75000;379.41070;0.00131;0.87500;235.90913;0.01046;0.84375
267.25620;0.22614;0.71875;379.41070;1.00000;0.87500;235.90913;0.00654;0.84375
267.25620;0.11558;0.71875;378.13995;0.01039;0.87500;282.82140;0.00390;0.84375
267.25620;0.02078;0.71875;378.13995;0.00130;0.87500;282.82140;0.00000;0.84375
267.25620;0.03594;0.71875;378.13995;0.00385;0.87500;282.82140;0.00128;0.84375
267.25620;0.02824;0.71875;378.13995;0.00770;0.87500;282.82140;0.00642;0.84375
198.64983;0.01022;0.71875;378.13995;0.01277;0.87500;282.82140;0.00894;0.84375
198.64983;0.00000;0.71875;386.91486;0.00254;0.87500;288.12927;0.01650;0.84375
198.64983;0.01263;0.71875;386.91486;0.00253;0.87500;288.12927;0.00758;0.84375
198.64983;0.00884;0.81250;386.91486;0.00000;0.84375;288.12927;0.00505;0.81250
198.64983;0.29963;0.81250;386.91486;0.00375;0.84375;288.12927;0.04744;0.81250
225.40120;0.01605;0.81250;386.91486;0.00617;0.84375;288.12927;0.02840;0.81250
225.40120;0.06503;0.81250;395.61545;0.00736;0.84375;282.92545;0.08589;0.81250
225.40120;0.03519;0.81250;395.61545;0.01578;0.84375;282.92545;0.00607;0.81250
225.40120;0.00242;0.81250;395.61545;0.00242;0.84375;282.92545;0.02657;0.81250
225.40120;0.03704;0.81250;395.61545;0.01195;0.84375;282.92545;0.02509;0.81250
298.89783;0.08511;0.81250;395.61545;0.01655;0.84375;282.92545;0.01182;0.81250
298.89783;0.06199;0.81250;412.07758;0.01520;0.84375;284.30740;0.01053;0.81250
298.89783;0.00690;0.81250;412.07758;0.01726;0.84375;284.30740;0.04373;0.81250
298.89783;0.08428;0.78125;412.07758;0.01481;0.84375;284.30740;0.02392;0.81250
298.89783;0.13244;0.75000;412.07758;0.00898;0.84375;284.30740;0.02918;0.81250
307.28363;0.12444;0.71875;412.07758;0.01222;0.84375;284.30740;0.10333;0.81250
307.28363;0.00985;0.71875;435.82816;0.01641;0.84375;317.21048;0.00875;0.81250
307.28363;0.10293;0.71875;435.82816;0.01300;0.84375;317.21048;0.02275;0.81250
307.28363;0.00427;0.81250;435.82816;0.01389;0.84375;317.21048;0.01496;0.84375
307.28363;0.32169;0.81250;435.82816;0.00952;0.84375;317.21048;0.03704;0.81250
301.18050;0.11319;0.81250;435.82816;0.00935;0.84375;317.21048;0.03011;0.81250
301.18050;0.08230;0.81250;461.69086;0.01132;0.84375;337.37097;0.06481;0.81250
301.18050;0.01212;0.81250;461.69086;0.01515;0.84375;337.37097;0.04343;0.81250
301.18050;0.00398;0.81250;461.69086;0.01295;0.84375;337.37097;0.01693;0.81250
301.18050;0.05310;0.81250;461.69086;0.02262;0.84375;337.37097;0.00492;0.81250
343.02112;0.01739;0.78125;461.69086;0.00966;0.84375;337.37097;0.05507;0.81250
343.02112;0.22317;0.75000;493.99900;0.00570;0.84375;339.17926;0.01994;0.81250
343.02112;0.00654;0.71875;493.99900;0.02801;0.84375;339.17926;0.00093;0.81250
343.02112;0.00829;0.71875;493.99900;0.03963;0.84375;339.17926;0.09309;0.81250
343.02112;0.05621;0.71875;493.99900;0.05168;0.84375;339.17926;0.06074;0.81250
321.36563;0.00800;0.71875;493.99900;0.07556;0.84375;339.17926;0.06400;0.81250
321.36563;0.03412;0.71875;603.00500;0.08399;0.84375;377.51782;0.00612;0.81250
321.36563;0.02756;0.71875;603.00500;0.10508;0.84375;377.51782;0.00086;0.81250
321.36563;0.04561;0.78125;603.00500;0.10642;0.81250;377.51782;0.05152;0.81250
321.36563;0.14179;0.75000;603.00500;0.09287;0.81250;377.51782;0.02736;0.81250
357.36877;0.04672;0.71875;603.00500;0.07869;0.81250;377.51782;0.02131;0.81250
357.36877;0.03301;0.71875;834.62070;0.20612;0.81250;411.84534;0.01530;0.81250
357.36877;0.05850;0.71875;834.62070;0.19209;0.81250;411.84534;0.01976;0.81250
357.36877;0.01321;0.71875;834.62070;0.00622;0.81250;411.84534;0.09091;0.78125
357.36877;0.00840;0.71875;834.62070;0.01374;0.81250;411.84534;0.16107;0.78125
340.66390;0.02027;0.71875;834.62070;0.04580;0.81250;411.84534;0.10961;0.78125
340.66390;0.00590;0.71875;440.15350;0.03542;0.81250;447.88680;0.00443;0.78125
340.66390;0.05339;0.71875;440.15350;0.03463;0.81250;447.88680;0.05700;0.75000
340.66390;0.01916;0.71875;440.15350;0.02200;0.81250;447.88680;0.01490;0.71875
340.66390;0.03005;0.68750;440.15350;0.05660;0.81250;447.88680;0.15234;0.71875
353.50150;0.00617;0.68750;440.15350;0.01235;0.81250;447.88680;0.01920;0.71875
353.50150;0.01347;0.68750;468.90555;0.00269;0.81250;384.67105;0.02626;0.71875
353.50150;0.02387;0.68750;468.90555;0.04377;0.81250;384.67105;0.00265;0.71875
353.50150;0.03127;0.71875;468.90555;0.01629;0.78125;384.67105;0.01759;0.81250
353.50150;0.08685;0.71875;468.90555;0.08685;0.71875;384.67105;0.46424;0.81250
344.16702;0.00377;0.68750;468.90555;0.32706;0.71875;384.67105;0.08223;0.81250
344.16702;0.05494;0.68750;465.77213;0.00062;0.71875;491.23250;0.10370;0.78125
344.16702;0.03339;0.68750;465.77213;0.02004;0.71875;491.23250;0.13843;0.78125
344.16702;0.03565;0.68750;465.77213;0.01070;0.71875;491.23250;0.22400;0.78125
344.16702;0.01696;0.68750;465.77213;0.00058;0.71875;491.23250;0.12690;0.75000
338.21616;0.01260;0.65625;465.77213;0.02348;0.71875;491.23250;0.20962;0.71875
338.21616;0.00959;0.65625;406.94440;0.00677;0.71875;1067.17150;0.16977;0.71875
338.21616;0.01219;0.65625;406.94440;0.01884;0.71875;1067.17150;0.33186;0.71875
338.21616;0.01362;0.65625;406.94440;0.00763;0.71875;1067.17150;0.21678;0.71875
338.21616;0.06317;0.65625;406.94440;0.00321;0.71875;1067.17150;0.13383;0.71875
336.37470;0.03834;0.65625;406.94440;0.01996;0.71875;1067.17150;0.05410;0.71875
336.37470;0.04910;0.65625;443.78806;0.02687;0.71875;607.85406;0.00103;0.71875
336.37470;0.02029;0.65625;443.78806;0.01573;0.71875;607.85406;0.05074;0.71875
336.37470;0.00349;0.65625;443.78806;0.01797;0.68750;607.85406;0.03744;0.68750
336.37470;0.03678;0.65625;443.78806;0.03286;0.68750;607.85406;0.05346;0.65625
365.29970;0.02458;0.65625;443.78806;0.00627;0.68750;607.85406;0.07614;0.65625
365.29970;0.01421;0.65625;425.30524;0.03458;0.68750;389.85657;0.00900;0.65625
365.29970;0.00514;0.65625;425.30524;0.01914;0.68750;389.85657;0.07283;0.65625
365.29970;0.01099;0.65625;425.30524;0.03619;0.68750;389.85657;0.06138;0.65625
365.29970;0.00675;0.65625;425.30524;0.03149;0.68750;389.85657;0.00225;0.65625
401.35394;0.01996;0.65625;425.30524;0.00976;0.68750;389.85657;0.01242;0.65625
401.35394;0.01569;0.59375;382.05612;0.02963;0.68750;353.82320;0.02179;0.65625
401.35394;0.02526;0.59375;382.05612;0.01027;0.68750;353.82320;0.01455;0.65625
401.35394;0.02231;0.56250;382.05612;0.01515;0.68750;353.82320;0.01305;0.62500
401.35394;0.02405;0.53125;382.05612;0.00995;0.68750;353.82320;0.00622;0.62500
418.00287;0.06278;0.53125;382.05612;0.03424;0.68750;353.82320;0.02446;0.59375
418.00287;0.06565;0.53125;419.05557;0.04724;0.65625;363.91220;0.04444;0.59375
418.00287;0.00670;0.53125;419.05557;0.02088;0.65625;363.91220;0.08511;0.53125
418.00287;0.03800;0.65625;419.05557;0.00427;0.65625;363.91220;0.10624;0.65625
418.00287;0.25877;0.65625;419.05557;0.00229;0.65625;363.91220;0.20122;0.62500
419.27330;0.02773;0.59375;419.05557;0.00899;0.65625;363.91220;0.09816;0.59375
419.27330;0.06322;0.56250;442.53818;0.05360;0.65625;434.92612;0.03253;0.59375
419.27330;0.05236;0.53125;442.53818;0.01745;0.65625;434.92612;0.04000;0.56250
419.27330;0.03113;0.53125;442.53818;0.03542;0.65625;434.92612;0.06154;0.53125
419.27330;0.13310;0.53125;442.53818;0.01056;0.65625;434.92612;0.02711;0.53125
472.73150;0.02392;0.53125;442.53818;0.02808;0.65625;434.92612;0.00277;0.53125
472.73150;0.05427;0.53125;512.79060;0.05870;0.65625;393.99414;0.00819;0.53125
472.73150;0.00840;0.53125;512.79060;0.06924;0.65625;393.99414;0.03664;0.53125
472.73150;0.03079;0.53125;512.79060;0.10497;0.62500;393.99414;0.01623;0.53125
472.73150;0.04034;0.50000;512.79060;0.02115;0.59375;393.99414;0.04196;0.53125
417.96597;0.00064;0.50000;512.79060;0.02597;0.59375;393.99414;0.00834;0.53125
417.96597;0.05461;0.46875;710.31910;0.02336;0.59375;387.16827;0.02872;0.53125
417.96597;0.09181;0.46875;710.31910;0.11951;0.56250;387.16827;0.02552;0.53125
417.96597;0.04076;0.53125;710.31910;0.00736;0.53125;387.16827;0.03586;0.53125
417.96597;0.11021;0.53125;710.31910;0.02355;0.53125;387.16827;0.05465;0.53125
458.68360;0.05704;0.53125;710.31910;0.02198;0.53125;387.16827;0.00119;0.53125
458.68360;0.06352;0.53125;830.86560;0.03571;0.53125;444.01630;0.05416;0.53125
458.68360;0.00808;0.53125;830.86560;0.02193;0.53125;444.01630;0.07937;0.53125
458.68360;0.09474;0.53125;830.86560;0.05889;0.53125;444.01630;0.06287;0.53125
458.68360;0.03166;0.50000;830.86560;0.03194;0.53125;444.01630;0.00336;0.53125
563.77920;0.03423;0.50000;830.86560;0.01932;0.53125;444.01630;0.02043;0.46875
563.77920;0.02179;0.46875;871.88495;0.03622;0.53125;427.80850;0.00327;0.46875
563.77920;0.05395;0.46875;871.88495;0.03650;0.53125;427.80850;0.01047;0.46875
563.77920;0.01455;0.46875;871.88495;0.05423;0.53125;427.80850;0.02116;0.46875
563.77920;0.01797;0.46875;871.88495;0.05418;0.53125;427.80850;0.08205;0.43750
591.78020;0.05651;0.46875;871.88495;0.06910;0.53125;427.80850;0.08631;0.43750
591.78020;0.03377;0.43750;948.77950;0.02539;0.50000;449.82657;0.01524;0.43750
591.78020;0.05066;0.40625;948.77950;0.07148;0.46875;449.82657;0.00251;0.43750
591.78020;0.04405;0.53125;948.77950;0.00099;0.46875;449.82657;0.02351;0.46875
591.78020;0.05060;0.53125;948.77950;0.03251;0.46875;449.82657;0.05011;0.43750
602.32324;0.12077;0.53125;948.77950;0.03623;0.46875;449.82657;0.07802;0.43750
602.32324;0.05711;0.50000;1065.63340;0.00215;0.46875;458.10956;0.04373;0.43750
602.32324;0.07887;0.46875;1065.63340;0.02338;0.46875;458.10956;0.03518;0.43750
602.32324;0.08114;0.46875;1065.63340;0.06971;0.43750;458.10956;0.01352;0.40625
602.32324;0.02075;0.46875;1065.63340;0.07284;0.43750;458.10956;0.02098;0.37500
925.85406;0.00273;0.46875;1065.63340;0.01481;0.43750;458.10956;0.04603;0.37500
925.85406;0.03497;0.43750;1068.66130;0.02820;0.43750;497.13553;0.02391;0.34375
925.85406;0.05667;0.40625;1068.66130;0.28336;0.43750;497.13553;0.00245;0.34375
925.85406;0.12346;0.40625;1068.66130;0.04960;0.43750;497.13553;0.00860;0.34375
925.85406;0.01875;0.37500;1068.66130;0.02137;0.37500;497.13553;0.03707;0.34375
930.75290;0.01985;0.37500;1068.66130;0.04703;0.37500;497.13553;0.00734;0.34375
930.75290;0.02638;0.34375;1120.42140;0.03389;0.37500;458.59230;0.02295;0.34375
930.75290;0.02746;0.34375;1120.42140;0.00362;0.37500;458.59230;0.01682;0.31250
930.75290;0.00698;0.50000;1120.42140;0.02709;0.37500;458.59230;0.04360;0.34375
930.75290;0.10019;0.46875;1120.42140;0.05251;0.34375;458.59230;0.01764;0.34375
1013.63580;0.16416;0.46875;1120.42140;0.01316;0.34375;458.59230;0.03676;0.31250
1013.63580;0.05290;0.46875;1189.60110;0.00539;0.34375;476.88620;0.01328;0.31250
1013.63580;0.02907;0.46875;1189.60110;0.00495;0.34375;476.88620;0.04968;0.28125
1013.63580;0.06082;0.43750;1189.60110;0.02109;0.34375;476.88620;0.05366;0.28125
1013.63580;0.14440;0.40625;1189.60110;0.04094;0.34375;476.88620;0.03483;0.25000
1376.95070;0.10150;0.40625;1189.60110;0.00849;0.34375;476.88620;0.05621;0.21875
1376.95070;0.08566;0.40625;1171.34120;0.02051;0.34375;519.66250;0.03057;0.18750
1376.95070;0.02096;0.34375;1171.34120;0.01976;0.34375;519.66250;0.04612;0.18750
1376.95070;0.04766;0.34375;1171.34120;0.07764;0.31250;519.66250;0.02859;0.18750
1376.95070;0.00987;0.34375;1171.34120;0.05565;0.31250;519.66250;0.03552;0.18750
1547.78940;0.07413;0.31250;1171.34120;0.03824;0.31250;519.66250;0.00883;0.18750
1547.78940;0.04971;0.31250;1294.01610;0.03138;0.31250;502.15457;0.00955;0.12500
1547.78940;0.00717;0.31250;1294.01610;0.02017;0.31250;502.15457;0.21272;0.09375
1547.78940;0.05584;0.46875;1294.01610;0.03177;0.34375;502.15457;0.03717;0.31250
1547.78940;0.05690;0.46875;1294.01610;0.01897;0.31250;502.15457;0.08525;0.28125
1577.99730;0.05537;0.46875;1294.01610;0.02892;0.31250;502.15457;0.03558;0.28125
1577.99730;0.08442;0.43750;1321.13210;0.00227;0.31250;557.71620;0.00114;0.28125
1577.99730;0.12813;0.43750;1321.13210;0.05118;0.31250;557.71620;0.07695;0.25000
1577.99730;0.21624;0.40625;1321.13210;0.04040;0.31250;557.71620;0.00318;0.25000
1577.99730;0.15731;0.40625;1321.13210;0.01413;0.31250;557.71620;0.02194;0.21875
1859.74280;0.05088;0.34375;1321.13210;0.03164;0.31250;557.71620;0.00074;0.18750
1859.74280;0.05275;0.34375;1316.91360;0.01783;0.31250;553.23425;0.00221;0.18750
1859.74280;0.09364;0.34375;1316.91360;0.02890;0.31250;553.23425;0.01134;0.18750
1859.74280;0.01399;0.34375;1316.91360;0.01017;0.31250;553.23425;0.05105;0.18750
1859.74280;0.01428;0.31250;1316.91360;0.02368;0.28125;553.23425;0.02332;0.18750
2129.10470;0.04711;0.31250;1316.91360;0.07623;0.28125;553.23425;0.01294;0.18750
2129.10470;0.08044;0.31250;1406.19010;0.07347;0.28125;532.83090;0.03414;0.15625
2129.10470;0.00587;0.31250;1406.19010;0.01173;0.25000;532.83090;0.01778;0.12500
2129.10470;0.07378;0.46875;1406.19010;0.04724;0.31250;532.83090;0.05662;0.09375
2129.10470;0.06997;0.43750;1406.19010;0.02092;0.28125;532.83090;0.04307;0.09375
2309.80030;0.24567;0.43750;1406.19010;0.02992;0.28125;532.83090;0.05109;0.09375
2309.80030;0.19770;0.40625;1398.60400;0.06973;0.28125;519.24420;0.00435;0.09375
2309.80030;0.20101;0.40625;1398.60400;0.01965;0.25000;519.24420;0.01461;0.03125
2309.80030;0.17788;0.40625;1398.60400;0.01548;0.25000;519.24420;0.00348;0.00000
2309.80030;0.10450;0.34375;1398.60400;0.04086;0.25000;519.24420;0.01252;0.00000
2972.09860;0.10763;0.34375;1398.60400;0.12294;0.25000;519.24420;0.01530;0.00000
2972.09860;0.04486;0.34375;1228.22420;0.03095;0.25000;506.31216;0.01669;0.00000
2972.09860;0.07981;0.31250;1228.22420;0.01495;0.25000;506.31216;0.00087;-0.06250
2972.09860;0.01009;0.31250;1228.22420;0.02347;0.25000;506.31216;0.03113;-0.06250
2972.09860;0.08520;0.31250;1228.22420;0.00800;0.25000;506.31216;0.04591;-0.09375
3120.67040;0.13545;0.31250;1228.22420;0.04660;0.21875;506.31216;0.00174;-0.09375
3120.67040;0.09894;0.25000;1095.73930;0.04434;0.21875;500.66318;0.01148;-0.12500
3120.67040;0.01130;0.25000;1095.73930;0.03339;0.18750;500.66318;0.00209;-0.15625
3120.67040;0.13424;0.43750;1095.73930;0.03130;0.25000;500.66318;0.00243;-0.15625
3120.67040;0.09981;0.43750;1095.73930;0.04486;0.25000;500.66318;0.02226;-0.15625
3299.97340;0.03895;0.40625;1095.73930;0.08538;0.25000;500.66318;0.04903;-0.18750
3299.97340;0.05182;0.40625;1103.22060;0.01165;0.25000;468.45310;0.04625;-0.25000
3299.97340;0.03738;0.34375;1103.22060;0.02556;0.25000;468.45310;0.03217;-0.25000
3299.97340;0.00070;0.34375;1103.22060;0.03947;0.25000;468.45310;0.01634;-0.25000
3299.97340;0.01756;0.34375;1103.22060;0.06538;0.25000;468.45310;0.00383;-0.34375
3066.72920;0.01513;0.34375;1103.22060;0.07686;0.25000;468.45310;0.00278;-0.34375
3066.72920;0.00452;0.31250;1353.26880;0.00104;0.21875;435.04712;0.03165;-0.34375
3066.72920;0.05912;0.31250;1353.26880;0.03182;0.21875;435.04712;0.00817;-0.40625
3066.72920;0.07147;0.31250;1353.26880;0.07894;0.21875;435.04712;0.03182;-0.43750
3066.72920;0.01043;0.31250;1353.26880;0.02017;0.18750;435.04712;0.00313;-0.43750
2971.09230;0.05286;0.25000;1353.26880;0.02556;0.18750;435.04712;0.00991;-0.50000
2971.09230;0.09911;0.25000;1459.96410;0.07564;0.18750;411.27520;0.02886;-0.50000
2971.09230;0.01721;0.21875;1459.96410;0.07912;0.18750;411.27520;0.00226;-0.56250
2971.09230;0.07894;0.46875;1459.96410;0.01774;0.25000;411.27520;0.04347;0.09375
2971.09230;0.05008;0.46875;1459.96410;0.02243;0.25000;411.27520;0.31090;0.09375
3269.99170;0.14345;0.43750;1459.96410;0.06955;0.25000;411.27520;0.24674;0.09375
3269.99170;0.18258;0.40625;1486.39990;0.05773;0.25000;622.88700;0.03113;0.06250
3269.99170;0.11633;0.40625;1486.39990;0.02139;0.25000;622.88700;0.05529;0.00000
3269.99170;0.07355;0.40625;1486.39990;0.05512;0.25000;622.88700;0.03599;0.00000
3269.99170;0.03704;0.34375;1486.39990;0.03391;0.25000;622.88700;0.03512;0.00000
3586.65770;0.03408;0.34375;1486.39990;0.03512;0.25000;622.88700;0.08016;0.00000
3586.65770;0.06868;0.34375;1603.89760;0.01652;0.25000;836.20220;0.09877;-0.06250
3586.65770;0.00417;0.31250;1603.89760;0.08312;0.25000;836.20220;0.11007;-0.06250
3586.65770;0.02727;0.31250;1603.89760;0.01014;0.25000;836.20220;0.02517;-0.09375
3586.65770;0.05512;0.31250;1603.89760;0.10953;0.25000;836.20220;0.05494;-0.09375
3525.53830;0.04709;0.31250;1603.89760;0.01058;0.25000;836.20220;0.00035;-0.12500
3525.53830;0.02109;0.28125;1650.74040;0.00603;0.25000;564.91910;0.01365;-0.15625
3525.53830;0.06494;0.25000;1650.74040;0.00783;0.25000;564.91910;0.03469;-0.15625
3525.53830;0.11191;0.46875;1650.74040;0.05667;0.28125;564.91910;0.01627;0.25000
3525.53830;0.05367;0.43750;1650.74040;0.00323;0.28125;564.91910;0.19763;0.21875
3941.54080;0.06119;0.43750;1650.74040;0.01137;0.28125;564.91910;0.00451;0.21875
3941.54080;0.02630;0.40625;1746.19480;0.04916;0.28125;595.54400;0.04426;0.18750
3941.54080;0.05173;0.40625;1746.19480;0.02878;0.28125;595.54400;0.04463;0.18750
3941.54080;0.06205;0.37500;1746.19480;0.00915;0.28125;595.54400;0.03020;0.18750
3941.54080;0.12498;0.34375;1746.19480;0.10145;0.28125;595.54400;0.14023;0.18750
4104.84200;0.01681;0.34375;1746.19480;0.00720;0.28125;595.54400;0.02069;0.18750
4104.84200;0.03679;0.34375;1773.43640;0.06856;0.28125;574.99316;0.01115;0.18750
4104.84200;0.09776;0.31250;1773.43640;0.21474;0.28125;574.99316;0.01455;0.18750
4104.84200;0.11138;0.31250;1773.43640;0.03938;0.31250;574.99316;0.01988;0.15625
4104.84200;0.02467;0.31250;1773.43640;0.00960;0.31250;574.99316;0.04595;0.12500
3911.12040;0.08310;0.31250;1773.43640;0.03123;0.31250;574.99316;0.03161;0.12500
3911.12040;0.00513;0.25000;1832.00720;0.05892;0.31250;503.93256;0.05265;0.09375
3911.12040;0.05617;0.25000;1832.00720;0.08120;0.31250;503.93256;0.07203;0.09375
3911.12040;0.14937;0.46875;1832.00720;0.02595;0.34375;503.93256;0.05998;0.53125
3911.12040;0.04903;0.46875;1832.00720;0.13417;0.34375;503.93256;0.28745;0.53125
3992.39600;0.12983;0.43750;1832.00720;0.12459;0.34375;503.93256;0.22395;0.53125
3992.39600;0.12359;0.43750;1572.35020;0.07953;0.34375;762.27930;0.08519;0.53125
3992.39600;0.11483;0.43750;1572.35020;0.02410;0.34375;762.27930;0.10876;0.53125
3992.39600;0.04925;0.40625;1572.35020;0.00788;0.34375;762.27930;0.09594;0.53125
3992.39600;0.00475;0.37500;1572.35020;0.00376;0.34375;762.27930;0.11417;0.53125
3528.88200;0.07009;0.34375;1572.35020;0.02370;0.34375;762.27930;0.10016;0.53125
3528.88200;0.12920;0.34375;1320.33590;0.00400;0.34375;1482.37990;0.11000;0.50000
3528.88200;0.09411;0.34375;1320.33590;0.01267;0.34375;1482.37990;0.04223;0.46875
3528.88200;0.08525;0.34375;1320.33590;0.02384;0.34375;1482.37990;0.05212;0.46875
3528.88200;0.13610;0.31250;1320.33590;0.00914;0.34375;1482.37990;0.08044;0.46875
3074.06000;0.03329;0.31250;1320.33590;0.01900;0.34375;1482.37990;0.04902;0.46875
3074.06000;0.06565;0.28125;1345.39540;0.07550;0.34375;1721.44530;0.01539;0.46875
3074.06000;0.14622;0.28125;1345.39540;0.00268;0.34375;1721.44530;0.03945;0.46875
3074.06000;0.14606;0.46875;1345.39540;0.03506;0.34375;1721.44530;0.04087;0.12500
3074.06000;0.05038;0.46875;1345.39540;0.04411;0.34375;1721.44530;0.11246;0.09375
2941.07420;0.14427;0.46875;1345.39540;0.04823;0.34375;1721.44530;0.08951;0.09375
2941.07420;0.05630;0.43750;1333.98120;0.03569;0.34375;1493.61560;0.18844;0.09375
2941.07420;0.01413;0.40625;1333.98120;0.00321;0.34375;1493.61560;0.16613;0.09375
2941.07420;0.06472;0.40625;1333.98120;0.04531;0.34375;1493.61560;0.09558;0.00000
2941.07420;0.06355;0.37500;1333.98120;0.02416;0.37500;1493.61560;0.17758;0.00000
2899.13130;0.15889;0.34375;1333.98120;0.01205;0.37500;1493.61560;0.12842;0.00000
2899.13130;0.17378;0.34375;1317.26800;0.01061;0.37500;987.83860;0.13531;0.00000
2899.13130;0.09419;0.34375;1317.26800;0.04208;0.37500;987.83860;0.12336;0.00000
2899.13130;0.09998;0.31250;1317.26800;0.05774;0.37500;987.83860;0.04853;-0.06250
2899.13130;0.15198;0.31250;1317.26800;0.09830;0.37500;987.83860;0.07905;-0.09375
2388.88130;0.04065;0.31250;1317.26800;0.00137;0.37500;987.83860;0.04453;-0.09375
2388.88130;0.17430;0.31250;1217.90160;0.12480;0.37500;412.48450;0.00184;-0.09375
2388.88130;0.09623;0.31250;1217.90160;0.06369;0.37500;412.48450;0.00349;-0.09375
2388.88130;0.13268;0.50000;1217.90160;0.05227;0.46875;412.48450;0.00117;0.09375
2388.88130;0.00615;0.46875;1217.90160;0.00638;0.46875;412.48450;0.08913;0.09375
2234.79130;0.04129;0.46875;1217.90160;0.06516;0.46875;412.48450;0.02649;0.06250
2234.79130;0.13973;0.46875;996.11400;0.03127;0.46875;379.81714;0.00962;0.03125
2234.79130;0.04541;0.46875;996.11400;0.05124;0.46875;379.81714;0.01311;0.00000
2234.79130;0.07293;0.46875;996.11400;0.03671;0.46875;379.81714;0.00906;0.00000
2234.79130;0.06154;0.43750;996.11400;0.03460;0.46875;379.81714;0.01038;0.00000
2031.42160;0.00374;0.40625;996.11400;0.07307;0.46875;379.81714;0.03541;-0.03125
2031.42160;0.03976;0.37500;906.38390;0.00176;0.46875;363.43560;0.01183;-0.06250
2031.42160;0.04526;0.37500;906.38390;0.07221;0.46875;363.43560;0.05594;-0.09375
2031.42160;0.10264;0.34375;906.38390;0.01386;0.46875;363.43560;0.02463;-0.09375
2031.42160;0.05102;0.34375;906.38390;0.03704;0.46875;363.43560;0.00958;-0.12500
1731.30140;0.04993;0.34375;906.38390;0.03974;0.46875;363.43560;0.02902;-0.15625
1731.30140;0.04254;0.31250;767.04553;0.05363;0.46875;323.51178;0.00634;-0.15625
1731.30140;0.04610;0.31250;767.04553;0.05116;0.50000;323.51178;0.00480;-0.15625
1731.30140;0.06598;0.53125;767.04553;0.00835;0.53125;323.51178;0.00027;0.46875
1731.30140;0.07878;0.50000;767.04553;0.03885;0.53125;323.51178;0.08992;0.46875
1746.41920;0.03268;0.46875;767.04553;0.01263;0.53125;323.51178;0.02032;0.46875
1746.41920;0.15368;0.46875;701.57530;0.03467;0.53125;391.45248;0.02663;0.43750
1746.41920;0.09835;0.46875;701.57530;0.02718;0.53125;391.45248;0.02270;0.43750
1746.41920;0.03118;0.46875;701.57530;0.01105;0.53125;391.45248;0.09014;0.43750
1746.41920;0.01775;0.46875;701.57530;0.05670;0.53125;391.45248;0.00086;0.43750
1528.14030;0.02716;0.43750;701.57530;0.01156;0.53125;391.45248;0.00491;0.43750
1528.14030;0.01197;0.40625;700.27470;0.04380;0.53125;419.64120;0.28847;0.43750
1528.14030;0.04279;0.37500;700.27470;0.01977;0.53125;419.64120;0.04072;0.43750
1528.14030;0.09037;0.37500;700.27470;0.00298;0.53125;419.64120;0.00596;0.40625
1528.14030;0.10057;0.34375;700.27470;0.00271;0.53125;419.64120;0.03101;0.37500
1312.05270;0.05723;0.34375;700.27470;0.08950;0.53125;419.64120;0.04901;0.37500
1312.05270;0.09619;0.34375;668.55220;0.02858;0.53125;370.19565;0.01629;0.34375
1312.05270;0.03076;0.31250;668.55220;0.01896;0.53125;370.19565;0.00466;0.34375
1312.05270;0.09416;0.53125;668.55220;0.03390;0.53125;370.19565;0.01224;0.62500
1312.05270;0.06039;0.53125;668.55220;0.03210;0.53125;370.19565;0.27305;0.62500
1139.75500;0.01479;0.53125;668.55220;0.00225;0.53125;370.19565;0.20418;0.62500
1139.75500;0.08252;0.50000;542.24320;0.05036;0.53125;530.13690;0.07310;0.62500
1139.75500;0.15220;0.46875;542.24320;0.01348;0.59375;530.13690;0.03320;0.62500
1139.75500;0.07838;0.46875;542.24320;0.10262;0.59375;530.13690;0.06343;0.59375
1139.75500;0.06319;0.46875;542.24320;0.04908;0.59375;530.13690;0.01613;0.59375
753.94226;0.08563;0.46875;542.24320;0.04213;0.59375;530.13690;0.04553;0.59375
753.94226;0.08394;0.43750;626.29877;0.02167;0.62500;643.50165;0.03440;0.59375
753.94226;0.08464;0.40625;626.29877;0.01149;0.65625;643.50165;0.01533;0.59375
753.94226;0.04903;0.40625;626.29877;0.07901;0.65625;643.50165;0.06032;0.56250
753.94226;0.06633;0.37500;626.29877;0.06455;0.65625;643.50165;0.09665;0.56250
367.60284;0.00686;0.34375;626.29877;0.01301;0.65625;643.50165;0.08598;0.53125
367.60284;0.00037;0.34375;635.14680;0.03911;0.65625;508.94754;0.01937;0.53125
367.60284;0.02333;0.34375;635.14680;0.03667;0.65625;508.94754;0.01963;0.53125
367.60284;0.01948;0.53125;635.14680;0.07419;0.65625;508.94754;0.00337;0.62500
367.60284;0.10596;0.53125;635.14680;0.06722;0.65625;508.94754;0.11432;0.62500
357.24520;0.05421;0.53125;635.14680;0.00346;0.65625;508.94754;0.07536;0.62500
357.24520;0.02685;0.53125;475.31600;0.00156;0.65625;437.48490;0.12023;0.62500
357.24520;0.00433;0.53125;475.31600;0.07471;0.65625;437.48490;0.05623;0.62500
357.24520;0.01752;0.50000;475.31600;0.00119;0.65625;437.48490;0.03345;0.62500
357.24520;0.04476;0.46875;475.31600;0.01492;0.65625;437.48490;0.01694;0.59375
333.37094;0.01305;0.46875;475.31600;0.04199;0.65625;437.48490;0.04810;0.59375
333.37094;0.00989;0.46875;402.53278;0.01608;0.65625;392.92722;0.01237;0.59375
333.37094;0.01251;0.46875;402.53278;0.02209;0.65625;392.92722;0.03085;0.59375
333.37094;0.00084;0.46875;402.53278;0.00296;0.65625;392.92722;0.02746;0.59375
333.37094;0.00641;0.43750;402.53278;0.01197;0.68750;392.92722;0.02821;0.59375
310.11145;0.06269;0.40625;402.53278;0.14613;0.68750;392.92722;0.00259;0.59375
310.11145;0.01487;0.37500;414.54517;0.04987;0.68750;381.77676;0.01881;0.59375
310.11145;0.03313;0.37500;414.54517;0.02562;0.68750;381.77676;0.02032;0.59375
310.11145;0.02151;0.56250;414.54517;0.04884;0.68750;381.77676;0.19937;0.65625
310.11145;0.21905;0.53125;414.54517;0.00544;0.68750;381.77676;0.08163;0.65625
356.49722;0.09345;0.53125;414.54517;0.00641;0.68750;381.77676;0.05634;0.65625
356.49722;0.09694;0.53125;465.49356;0.03989;0.68750;355.79013;0.06725;0.65625
356.49722;0.01641;0.53125;465.49356;0.04923;0.68750;355.79013;0.03563;0.65625
356.49722;0.01090;0.53125;465.49356;0.08195;0.68750;355.79013;0.05542;0.65625
356.49722;0.00240;0.53125;465.49356;0.03359;0.68750;355.79013;0.00144;0.65625
284.50450;0.00485;0.53125;465.49356;0.02086;0.68750;355.79013;0.02426;0.65625
284.50450;0.01667;0.46875;446.15115;0.00785;0.68750;341.53740;0.04806;0.65625
284.50450;0.02133;0.46875;446.15115;0.07490;0.71875;341.53740;0.01587;0.65625
284.50450;0.00853;0.46875;446.15115;0.05517;0.71875;341.53740;0.05717;0.65625
284.50450;0.01319;0.46875;446.15115;0.03247;0.71875;341.53740;0.05936;0.65625
266.05045;0.03181;0.46875;446.15115;0.02206;0.71875;341.53740;0.00205;0.65625
266.05045;0.01506;0.46875;430.78580;0.06231;0.71875;312.98477;0.04154;0.65625
266.05045;0.01939;0.43750;430.78580;0.05818;0.71875;312.98477;0.02725;0.65625
266.05045;0.05090;0.65625;430.78580;0.03128;0.71875;312.98477;0.00318;0.53125
266.05045;0.15405;0.65625;430.78580;0.02415;0.71875;312.98477;0.06495;0.53125
290.64456;0.05637;0.59375;430.78580;0.03577;0.71875;312.98477;0.08184;0.53125
290.64456;0.13769;0.56250;410.71506;0.04388;0.71875;273.33072;0.07296;0.53125
290.64456;0.00166;0.53125;410.71506;0.01607;0.71875;273.33072;0.00665;0.53125
290.64456;0.01235;0.53125;410.71506;0.01010;0.71875;273.33072;0.02357;0.50000
290.64456;0.02713;0.53125;410.71506;0.01413;0.71875;273.33072;0.04862;0.46875
296.81534;0.03655;0.53125;410.71506;0.00228;0.71875;273.33072;0.03712;0.46875
296.81534;0.01558;0.53125;394.66992;0.01962;0.71875;222.22816;0.01731;0.46875
296.81534;0.04431;0.53125;394.66992;0.02099;0.71875;222.22816;0.08047;0.46875
296.81534;0.02528;0.53125;394.66992;0.02469;0.71875;222.22816;0.12581;0.43750
296.81534;0.00891;0.50000;394.66992;0.03327;0.71875;222.22816;0.01842;0.43750
240.94281;0.00060;0.50000;394.66992;0.12312;0.71875;222.22816;0.05345;0.43750
240.94281;0.05768;0.46875;380.70276;0.05343;0.78125;208.72191;0.00304;0.43750
240.94281;0.01224;0.46875;380.70276;0.18543;0.78125;208.72191;0.00734;0.40625
240.94281;0.00681;0.65625;380.70276;0.02908;0.71875;208.72191;0.02290;0.71875
240.94281;0.13608;0.65625;380.70276;0.04682;0.71875;208.72191;0.14170;0.71875
245.58197;0.01196;0.65625;380.70276;0.18628;0.71875;208.72191;0.07426;0.71875
245.58197;0.02540;0.65625;474.33620;0.05841;0.71875;324.46182;0.05905;0.71875
245.58197;0.00193;0.65625;474.33620;0.01349;0.71875;324.46182;0.01028;0.71875
245.58197;0.00258;0.65625;474.33620;0.02261;0.71875;324.46182;0.02003;0.71875
245.58197;0.02810;0.59375;474.33620;0.00915;0.78125;324.46182;0.01830;0.71875
268.58840;0.05523;0.56250;474.33620;0.15976;0.78125;324.46182;0.00197;0.71875
268.58840;0.01724;0.56250;410.24860;0.01459;0.78125;320.81277;0.00265;0.68750
268.58840;0.00600;0.53125;410.24860;0.01534;0.78125;320.81277;0.06871;0.68750
268.58840;0.01684;0.53125;410.24860;0.04579;0.78125;320.81277;0.00539;0.68750
268.58840;0.27642;0.53125;410.24860;0.09824;0.81250;320.81277;0.00949;0.68750
241.27359;0.39508;0.53125;410.24860;0.09091;0.81250;320.81277;0.06630;0.68750
241.27359;0.35076;0.53125;482.06387;0.03232;0.81250;280.29333;0.07221;0.68750
241.27359;0.32986;0.53125;482.06387;0.02083;0.81250;280.29333;0.01806;0.68750
241.27359;0.28760;0.68750;482.06387;0.00348;0.78125;280.29333;0.01114;0.65625
241.27359;0.14487;0.65625;482.06387;0.03868;0.81250;280.29333;0.05274;0.65625
241.83656;0.05662;0.65625;482.06387;0.03043;0.81250;280.29333;0.04176;0.65625
241.83656;0.00284;0.65625;461.62308;0.03123;0.81250;245.34172;0.03478;0.62500
241.83656;0.04014;0.65625;461.62308;0.06595;0.81250;245.34172;0.13907;0.59375
241.83656;0.05751;0.65625;461.62308;0.08052;0.81250;245.34172;0.07477;0.59375
241.83656;0.05447;0.65625;461.62308;0.02251;0.81250;245.34172;0.02251;0.56250
239.80878;0.06191;0.65625;461.62308;0.03423;0.81250;245.34172;0.00000;0.53125
239.80878;0.02851;0.65625;463.12213;0.04532;0.81250;229.27550;0.03132;0.53125
239.80878;0.04179;0.65625;463.12213;0.00440;0.81250;229.27550;0.01170;0.53125
239.80878;0.08856;0.62500;463.12213;0.01993;0.81250;229.27550;0.00147;0.53125
239.80878;0.00741;0.59375;463.12213;0.01778;0.81250;229.27550;0.04723;0.53125
234.49329;0.22363;0.56250;463.12213;0.01189;0.81250;229.27550;0.04741;0.53125
234.49329;0.04698;0.56250;468.22208;0.06264;0.81250;185.79277;0.01560;0.53125
234.49329;0.03604;0.53125;468.22208;0.00901;0.81250;185.79277;0.01342;0.53125
234.49329;0.01883;0.68750;468.22208;0.03539;0.81250;185.79277;0.07282;0.78125
234.49329;0.15060;0.68750;468.22208;0.00000;0.81250;185.79277;0.16792;0.78125
247.02630;0.00076;0.68750;468.22208;0.06122;0.81250;185.79277;0.01958;0.78125
247.02630;0.01592;0.68750;441.20273;0.01971;0.81250;358.07104;0.02797;0.78125
247.02630;0.00607;0.65625;441.20273;0.00379;0.81250;358.07104;0.03791;0.78125
247.02630;0.05496;0.65625;441.20273;0.00000;0.81250;358.07104;0.01516;0.78125
247.02630;0.03053;0.65625;441.20273;0.02595;0.81250;358.07104;0.01450;0.71875
241.78563;0.02595;0.65625;441.20273;0.00916;0.81250;358.07104;0.38397;0.71875
241.78563;0.02452;0.65625;437.73666;0.03218;0.81250;374.77997;0.04580;0.71875
241.78563;0.06360;0.65625;437.73666;0.00920;0.81250;374.77997;0.04368;0.71875
241.78563;0.22549;0.65625;437.73666;0.15251;0.81250;374.77997;0.03372;0.71875
241.78563;0.01094;0.65625;437.73666;0.00000;0.81250;374.77997;0.00218;0.71875
201.68036;0.01094;0.65625;437.73666;0.00000;0.81250;374.77997;0.01532;0.71875
201.68036;0.10718;0.71875;342.04593;0.00000;0.81250;218.83968;0.13260;0.75000
184.65130;0.04972;0.71875;342.04593;0.00000;0.81250;218.83968;0.09282;0.71875
184.65130;0.00110;0.71875;299.06055;0.00000;0.81250;248.53238;0.04972;0.71875
184.65130;0.00884;0.68750;299.06055;0.00000;0.81250;248.53238;0.00663;0.71875
184.65130;0.05635;0.68750;299.06055;0.00000;0.81250;248.53238;0.00884;0.71875
184.65130;0.01878;0.68750;299.06055;0.00000;0.84375;248.53238;0.01215;0.71875
200.32490;0.01995;0.68750;299.06055;0.00000;0.84375;248.53238;0.04751;0.71875
200.32490;0.00982;0.68750;300.63852;0.00000;0.84375;190.24760;0.49430;0.71875
200.32490;0.00000;0.65625;300.63852;0.00000;0.84375;190.24760;0.00897;0.71875
200.32490;0.00000;0.65625;300.63852;0.00000;0.84375;190.24760;0.00788;0.71875
200.32490;0.00000;0.65625;300.63852;0.00000;0.84375;190.24760;0.01480;0.71875
151.35591;0.00000;0.65625;300.63852;0.00000;0.84375;190.24760;0.08138;0.71875
151.35591;0.00000;0.65625;276.94012;0.00000;0.84375;163.83840;0.00140;0.71875
151.35591;0.00000;0.65625;276.94012;0.00000;0.84375;163.83840;0.00573;0.71875
151.35591;0.00000;0.81250;276.94012;0.00000;0.87500;163.83840;0.06324;0.84375
151.35591;0.00000;0.81250;276.94012;0.00000;0.87500;163.83840;0.43393;0.84375
173.37387;0.00000;0.81250;276.94012;0.00000;0.87500;163.83840;0.01838;0.84375
173.37387;0.00000;0.81250;294.36163;0.00000;0.87500;204.93788;0.02992;0.84375
173.37387;0.00000;0.81250;294.36163;0.00000;0.87500;204.93788;0.01932;0.84375
173.37387;0.00000;0.78125;294.36163;0.00000;0.87500;204.93788;0.04276;0.84375
173.37387;0.00847;0.75000;294.36163;0.00000;0.87500;204.93788;0.03729;0.84375
217.94324;0.01736;0.71875;294.36163;0.00000;0.87500;204.93788;0.01910;0.84375
217.94324;0.02688;0.71875;292.86690;0.00000;0.87500;220.69590;0.02867;0.84375
217.94324;0.00000;0.71875;292.86690;0.00000;0.87500;220.69590;0.02569;0.84375
217.94324;0.00000;0.71875;292.86690;0.00000;0.87500;220.69590;0.02072;0.84375
217.94324;0.00000;0.71875;292.86690;0.00000;0.87500;220.69590;0.06433;0.84375
129.32263;0.00000;0.71875;292.86690;0.00000;0.87500;220.69590;0.02600;0.84375
129.32263;0.01646;0.71875;255.97864;0.00000;0.87500;194.46408;0.03292;0.84375
129.32263;0.00214;0.71875;255.97864;0.00000;0.87500;194.46408;0.02991;0.84375
129.32263;0.00222;0.84375;255.97864;0.00000;0.87500;194.46408;0.03778;0.87500
129.32263;0.00227;0.84375;255.97864;0.00000;0.87500;194.46408;0.00680;0.87500
146.09877;0.00473;0.84375;255.97864;0.00000;0.87500;194.46408;0.07801;0.87500
146.09877;0.00247;0.81250;219.42844;0.00000;0.87500;197.39735;0.03951;0.87500
146.09877;0.02525;0.81250;219.42844;0.00000;0.87500;197.39735;0.02778;0.87500
146.09877;0.01058;0.81250;219.42844;0.00000;0.87500;197.39735;0.04762;0.87500
146.09877;0.02778;0.81250;219.42844;0.00000;0.87500;197.39735;0.04722;0.87500
147.46890;0.00877;0.81250;219.42844;0.00000;0.87500;197.39735;0.05263;0.87500
147.46890;0.00601;0.81250;182.95245;0.00000;0.87500;183.17856;0.05706;0.87500
147.46890;0.00952;0.81250;182.95245;0.00000;0.87500;183.17856;0.06349;0.87500
147.46890;0.01176;0.81250;182.95245;0.00000;0.87500;183.17856;0.25647;0.87500
147.46890;1.00000;0.81250;182.95245;0.00000;0.87500;183.17856;0.03931;0.87500
144.43770;0.08291;0.81250;182.95245;0.00000;0.87500;183.17856;0.03015;0.87500
144.43770;0.03684;0.81250;195.55637;0.00000;0.87500;195.31584;0.04211;0.87500
144.43770;0.06354;0.81250;195.55637;0.00000;0.87500;195.31584;0.04696;0.87500
144.43770;0.03779;0.87500;195.55637;0.00000;0.87500;195.31584;0.05523;0.87500
144.43770;0.00299;0.87500;195.55637;0.00000;0.87500;195.31584;0.05970;0.87500
140.46260;0.05047;0.87500;195.55637;0.00000;0.87500;195.31584;0.05994;0.87500
140.46260;0.25352;0.87500;182.06671;0.00000;0.87500;182.07288;0.25117;0.87500
140.46260;0.06863;0.87500;182.06671;0.00000;0.87500;182.07288;0.03922;0.87500
140.46260;0.02256;0.87500;182.06671;0.00000;0.87500;182.07288;0.02506;0.87500
140.46260;0.04724;0.87500;182.06671;0.00000;0.87500;182.07288;0.04462;0.87500
198.94841;0.04683;0.87500;182.06671;0.00000;0.87500;182.07288;0.08540;0.87500
198.94841;0.05507;0.84375;191.69620;0.00000;0.87500;190.97100;0.05507;0.87500
198.94841;0.07440;0.84375;191.69620;0.00000;0.87500;190.97100;0.02679;0.87500
198.94841;0.05346;0.84375;191.69620;0.00000;0.87500;190.97100;0.05660;0.87500
198.94841;0.25467;0.84375;191.69620;0.00000;0.87500;190.97100;0.25467;0.87500
173.09363;0.03902;0.84375;191.69620;0.00000;0.87500;190.97100;0.03902;0.87500
173.09363;0.02244;0.84375;192.19704;0.00000;0.87500;192.03963;0.02244;0.87500
173.09363;0.04961;0.84375;192.19704;0.00000;0.87500;192.03963;0.07311;0.87500
173.09363;0.08767;0.87500;192.19704;0.00000;0.87500;192.03963;0.05479;0.87500
173.09363;0.04611;0.87500;192.19704;0.00000;0.87500;192.03963;0.04899;0.87500
171.75572;0.00592;0.87500;192.19704;0.00000;0.87500;192.03963;0.03550;0.87500
171.75572;0.05938;0.87500;176.47975;0.00000;0.87500;178.83286;0.04688;0.87500
171.75572;0.25641;0.87500;176.47975;0.00000;0.87500;178.83286;0.25408;0.87500
171.75572;0.04136;0.87500;176.47975;0.00000;0.87500;178.83286;0.05353;0.87500
171.75572;0.03234;0.87500;176.47975;0.00000;0.87500;178.83286;0.05224;0.87500
196.71582;0.07031;0.87500;176.47975;0.00000;0.87500;178.83286;0.04948;0.87500
196.71582;0.04918;0.87500;200.39307;0.00000;0.87500;199.14107;0.04098;0.87500
196.71582;0.05460;0.87500;200.39307;0.00000;0.87500;199.14107;0.05460;0.87500
196.71582;0.03245;0.87500;200.39307;0.00000;0.87500;199.14107;0.02655;0.87500
196.71582;0.05296;0.87500;200.39307;0.00000;0.87500;199.14107;0.06231;0.87500
183.56787;0.25290;0.87500;200.39307;0.00000;0.87500;199.14107;0.25522;0.87500
183.56787;0.03874;0.84375;188.75378;0.00000;0.87500;187.72516;0.07022;0.87500
183.56787;0.04950;0.84375;188.75378;0.00000;0.87500;187.72516;0.02228;0.87500
183.56787;0.07254;0.87500;188.75378;0.00000;0.87500;187.72516;0.04922;0.87500
183.56787;0.03804;0.87500;188.75378;0.00000;0.87500;187.72516;0.03261;0.87500
186.19261;0.03143;0.87500;188.75378;0.00000;0.87500;187.72516;0.07143;0.87500
186.19261;0.02346;0.87500;185.79881;0.00000;0.87500;187.97241;0.00880;0.87500
186.19261;0.06502;0.87500;185.79881;0.00000;0.87500;187.97241;0.06811;0.87500
186.19261;0.22454;0.87500;185.79881;0.00000;0.87500;187.97241;0.22917;0.87500
186.19261;0.04106;0.87500;185.79881;0.00000;0.87500;187.97241;0.04831;0.87500
194.41618;0.02469;0.87500;185.79881;0.00000;0.87500;187.97241;0.01481;0.87500
194.41618;0.04134;0.87500;198.66548;0.00000;0.87500;198.68282;0.05426;0.87500
194.41618;0.05149;0.87500;198.66548;0.00000;0.87500;198.68282;0.03794;0.87500
194.41618;0.05983;0.87500;198.66548;0.00000;0.87500;198.68282;0.06268;0.87500
194.41618;0.04971;0.87500;198.66548;0.00000;0.87500;198.68282;0.02632;0.87500
180.35646;0.04321;0.87500;198.66548;0.00000;0.87500;198.68282;0.09568;0.87500
180.35646;0.24424;0.84375;183.69670;0.00000;0.87500;185.23846;0.25115;0.87500
180.35646;0.05529;0.84375;183.69670;0.00000;0.87500;185.23846;0.03846;0.87500
180.35646;0.03686;0.87500;183.69670;0.00000;0.87500;185.23846;0.02948;0.87500
180.35646;0.04884;0.87500;183.69670;0.00000;0.87500;185.23846;0.03342;0.87500
192.84085;0.01617;0.87500;183.69670;0.00000;0.87500;185.23846;0.05660;0.87500
192.84085;0.08215;0.87500;193.70764;0.00000;0.87500;194.04650;0.05666;0.87500
192.84085;0.03488;0.87500;193.70764;0.00000;0.87500;194.04650;0.04942;0.87500
192.84085;0.04908;0.87500;193.70764;0.00000;0.87500;194.04650;0.05828;0.87500
192.84085;0.24828;0.87500;193.70764;0.00000;0.87500;194.04650;0.25057;0.87500
190.15147;0.04317;0.87500;193.70764;0.00000;0.87500;194.04650;0.04317;0.87500
190.15147;0.01471;0.87500;195.97980;0.00000;0.87500;196.01865;0.00980;0.87500
190.15147;0.04615;0.87500;195.97980;0.00000;0.87500;196.01865;0.05641;0.87500
190.15147;0.00000;0.87500;195.97980;0.00000;0.87500;196.01865;0.06989;0.87500
190.15147;0.01075;0.87500;195.97980;0.00000;0.87500;196.01865;0.05650;0.87500
189.19048;0.01412;0.87500;195.97980;0.00000;0.87500;196.01865;0.03478;0.87500
189.19048;0.00870;0.84375;179.70079;0.00000;0.87500;181.29419;0.03058;0.87500
189.19048;0.04587;0.84375;179.70079;0.00000;0.87500;181.29419;0.25629;0.87500
189.19048;0.00915;0.87500;179.70079;0.00000;0.87500;181.29419;0.05251;0.87500
189.19048;0.00477;0.87500;179.70079;0.00000;0.87500;181.29419;0.05854;0.87500
188.32745;0.48504;0.87500;179.70079;0.00000;0.87500;181.29419;0.03316;0.87500
188.32745;0.32605;0.87500;204.20570;0.00000;0.87500;207.94046;0.05337;0.87500
188.32745;0.44674;0.87500;204.20570;0.56454;0.87500;207.94046;0.05775;0.87500
188.98862;0.42677;0.87500;191.64497;0.02190;0.87500;192.38889;0.07619;0.87500
188.98862;0.02433;0.87500;191.64497;0.04835;0.87500;192.38889;0.01946;0.87500
188.98862;0.04580;0.87500;191.64497;0.05067;0.87500;192.38889;0.05089;0.87500
188.98862;0.03200;0.87500;191.64497;0.05322;0.87500;192.38889;0.05333;0.87500
198.88855;0.05602;0.87500;191.64497;0.02299;0.87500;192.38889;0.04762;0.87500
198.88855;0.04598;0.87500;189.42516;0.09091;0.87500;190.00478;0.02299;0.87500
198.88855;0.05152;0.87500;189.42516;0.24318;0.87500;190.00478;0.10606;0.87500
198.88855;0.22500;0.87500;189.42516;0.03791;0.87500;190.00478;0.25455;0.87500