Q_Arm_1,Q_Arm_2,Q_Arm_3
0.09946521656031071,0.0,0.0
0.09946521656031071,0.09851373842946415,0.0
0.09946521656031071,0.09851373842946415,0.09573227223703225
0.1715368657194832,0.09851373842946415,0.09573227223703225
0.1715368657194832,0.1882520690573019,0.09573227223703225
0.1715368657194832,0.1882520690573019,0.18123424539814326
0.1715368657194832,0.2666856171171757,0.18123424539814326
0.1715368657194832,0.2666856171171757,0.25645825469563965
0.25283437891022376,0.2666856171171757,0.25645825469563965
0.25283437891022376,0.3392129232734356,0.25645825469563965
0.25283437891022376,0.3392129232734356,0.3243055634522157
0.3257072308726521,0.3392129232734356,0.3243055634522157
0.3257072308726521,0.4043700930534375,0.3243055634522157
0.39089056880678746,0.4043700930534375,0.3243055634522157
0.39089056880678746,0.4043700930534375,0.38522519169297353
0.39089056880678746,0.46181967654471995,0.38522519169297353
0.44872296949668977,0.46181967654471995,0.38522519169297353
0.44872296949668977,0.46181967654471995,0.43631443543671294
0.44872296949668977,0.5134641637666537,0.43631443543671294
0.4997701549907788,0.5134641637666537,0.43631443543671294
0.4997701549907788,0.5134641637666537,0.48234490428140453
0.4997701549907788,0.5595857018096416,0.48234490428140453
0.5445537610677343,0.5595857018096416,0.48234490428140453
0.5445537610677343,0.5595857018096416,0.5235581171138958
0.5445537610677343,0.6014083626213641,0.5235581171138958
0.5832024779322903,0.6014083626213641,0.5235581171138958
0.5832024779322903,0.6391050629065707,0.5235581171138958
0.5832024779322903,0.6391050629065707,0.5532084198631388
0.6196273460420653,0.6391050629065707,0.5532084198631388
0.6196273460420653,0.6702968684889263,0.5532084198631388
0.6495948576695174,0.6702968684889263,0.5532084198631388
0.6495948576695174,0.6702968684889263,0.5681306481426097
0.6495948576695174,0.6965883861132989,0.5681306481426097
0.6783650370830774,0.6965883861132989,0.5681306481426097
0.6783650370830774,0.7164260599156728,0.5681306481426097
0.7021652785214955,0.7164260599156728,0.5681306481426097
0.7021652785214955,0.7318566626576806,0.5681306481426097
0.7021652785214955,0.7318566626576806,0.5779184023396449
0.7241704206967127,0.7318566626576806,0.5779184023396449
0.7241704206967127,0.7412784107603536,0.5779184023396449
0.745068417980932,0.7412784107603536,0.5779184023396449
0.745068417980932,0.7412784107603536,0.5752932891213492
0.7641671515895382,0.7412784107603536,0.5752932891213492
0.7641671515895382,0.7502907533267862,0.5752932891213492
0.7815499830942222,0.7502907533267862,0.5752932891213492
0.7978016509506243,0.7502907533267862,0.5752932891213492
0.7978016509506243,0.7610540465367622,0.5752932891213492
0.8109043073245145,0.7610540465367622,0.5752932891213492
0.8109043073245145,0.7757455378247743,0.5752932891213492
0.8136147186836847,0.7757455378247743,0.5752932891213492
0.8136147186836847,0.7757455378247743,0.578367258043595
0.8136147186836847,0.7892020490619364,0.578367258043595
0.8158095306650107,0.7892020490619364,0.578367258043595
0.8158095306650107,0.7972640283169086,0.578367258043595
0.8158095306650107,0.8060152077754599,0.578367258043595
0.8080913300697888,0.8060152077754599,0.578367258043595
0.8080913300697888,0.8060152077754599,0.5780368141605732
0.8080913300697888,0.8085695869617977,0.5780368141605732
0.8080913300697888,0.8165588372083664,0.5780368141605732
0.811066468800528,0.8165588372083664,0.5780368141605732
0.811066468800528,0.8260925761553346,0.5780368141605732
0.811066468800528,0.8260925761553346,0.5811544469999922
0.8229776737991044,0.8260925761553346,0.5811544469999922
0.8229776737991044,0.8365442926893627,0.5811544469999922
0.835061265706398,0.8365442926893627,0.5811544469999922
0.835061265706398,0.8414342795033722,0.5811544469999922
0.8448554504164811,0.8414342795033722,0.5811544469999922
0.8537578310562118,0.8414342795033722,0.5811544469999922
0.8537578310562118,0.8474509970452634,0.5811544469999922
0.8590979724539252,0.8474509970452634,0.5811544469999922
0.8590979724539252,0.8474509970452634,0.6055001000766042
0.8590979724539252,0.8501787047594662,0.6055001000766042
0.8647874020966038,0.8501787047594662,0.6055001000766042
0.8647874020966038,0.8501787047594662,0.6326496148078036
0.8647874020966038,0.8501787047594662,0.6558207995527017
0.8710090063024446,0.8501787047594662,0.6558207995527017
0.8710090063024446,0.8501787047594662,0.668768479436616
0.8710090063024446,0.8573733136312472,0.668768479436616
0.8777920825941875,0.8573733136312472,0.668768479436616
0.8777920825941875,0.864368181200607,0.668768479436616
0.8793893000328014,0.864368181200607,0.668768479436616
0.8793893000328014,0.864368181200607,0.6821996324949058
0.8793893000328014,0.8690796877339032,0.6821996324949058
0.8793893000328014,0.873566090792718,0.6821996324949058
0.8793893000328014,0.873566090792718,0.6886343990721971
0.883764659416068,0.873566090792718,0.6886343990721971
0.883764659416068,0.8775163610841066,0.6886343990721971
0.8845147127630589,0.8775163610841066,0.6886343990721971
0.8845147127630589,0.8764380905889189,0.6886343990721971
0.8845147127630589,0.8764380905889189,0.6956773797444795
0.8811036131624067,0.8764380905889189,0.6956773797444795
0.8811036131624067,0.8797099740098513,0.6956773797444795
0.8811036131624067,0.8797099740098513,0.699949885138613
0.8839910458889337,0.8797099740098513,0.699949885138613
0.8839910458889337,0.8785800539894124,0.699949885138613
0.8838186961186264,0.8785800539894124,0.699949885138613
0.8838186961186264,0.8785800539894124,0.7073110025465777
0.8838186961186264,0.877504825868735,0.7073110025465777
0.8697404085156881,0.877504825868735,0.7073110025465777
0.8697404085156881,0.877504825868735,0.7119539733683122
0.8697404085156881,0.8800319876055938,0.7119539733683122
0.8697404085156881,0.8782331117527111,0.7119539733683122
0.8697404085156881,0.8782331117527111,0.7253243606957088
0.8697404085156881,0.8782331117527111,0.7370611551383179
0.8720279107376978,0.8782331117527111,0.7370611551383179
0.8720279107376978,0.8771451696830184,0.7370611551383179
0.8720279107376978,0.8771451696830184,0.7469001351832357
0.8759371776587229,0.8771451696830184,0.7469001351832357
0.8759371776587229,0.8771451696830184,0.7547871069821973
0.8759371776587229,0.8778447176132353,0.7547871069821973
0.8788458419074014,0.8778447176132353,0.7547871069821973
0.8788458419074014,0.8778447176132353,0.7577803153833345
0.8834775005817385,0.8778447176132353,0.7577803153833345
0.8834775005817385,0.8769098103318417,0.7577803153833345
0.8867893017273643,0.8769098103318417,0.7577803153833345
0.8867893017273643,0.8769098103318417,0.7630031858737626
0.8901545620582774,0.8769098103318417,0.7630031858737626
0.8901545620582774,0.8781126537298164,0.7630031858737626
0.8941344258927674,0.8781126537298164,0.7630031858737626
0.8941344258927674,0.8781126537298164,0.7572566762266011
0.8982494026292858,0.8781126537298164,0.7572566762266011
0.8982494026292858,0.8781451640379525,0.7572566762266011
0.9009109175716534,0.8781451640379525,0.7572566762266011
0.9040652507916423,0.8781451640379525,0.7572566762266011
0.9040652507916423,0.8787237184786805,0.7572566762266011
0.9050268511368088,0.8787237184786805,0.7572566762266011
0.9050268511368088,0.8787237184786805,0.7628274204279403
0.9050268511368088,0.8768565378986087,0.7628274204279403
0.905097570866506,0.8768565378986087,0.7628274204279403
0.905097570866506,0.8768565378986087,0.7667316228425686
0.9024986598006842,0.8768565378986087,0.7667316228425686
0.9024986598006842,0.8745137901788455,0.7667316228425686
0.9024986598006842,0.8745137901788455,0.7695664582640162
0.9054741049206614,0.8745137901788455,0.7695664582640162
0.9054741049206614,0.8737836163128843,0.7695664582640162
0.9049281463624318,0.8737836163128843,0.7695664582640162
0.9049281463624318,0.8737836163128843,0.7620251480555017
0.9079971854154248,0.8737836163128843,0.7620251480555017
0.9079971854154248,0.8705283461889399,0.7620251480555017
0.910091372017235,0.8705283461889399,0.7620251480555017
0.9057882355966937,0.8705283461889399,0.7620251480555017
0.9057882355966937,0.8524162437793183,0.7620251480555017
0.9057882355966937,0.8524162437793183,0.7659992299966147
0.9024442561354421,0.8524162437793183,0.7659992299966147
0.9024442561354421,0.8524162437793183,0.769860361867994
0.9024442561354421,0.8524162437793183,0.7711985626070517
0.9046568698262776,0.8524162437793183,0.7711985626070517
0.9061979163859661,0.8524162437793183,0.7711985626070517
0.909290898077607,0.8524162437793183,0.7711985626070517
0.909290898077607,0.8524162437793183,0.7748591887472867
0.9067907166689706,0.8524162437793183,0.7748591887472867
0.9067907166689706,0.8504534526672877,0.7748591887472867
0.9067907166689706,0.8504534526672877,0.7741817800988255
0.9056985450855541,0.8504534526672877,0.7741817800988255
0.9056985450855541,0.8484667093272407,0.7741817800988255
0.9005638555898337,0.8484667093272407,0.7741817800988255
0.9005638555898337,0.8484667093272407,0.7751814272636003
0.9005638555898337,0.8449440526684807,0.7751814272636003
0.9005638555898337,0.8449440526684807,0.7766140352962073
0.9010672625274382,0.8449440526684807,0.7766140352962073
0.9034325974025118,0.8449440526684807,0.7766140352962073
0.9034325974025118,0.8408380171624308,0.7766140352962073
0.9034325974025118,0.8408380171624308,0.7760029980983043
0.9067050371148346,0.8408380171624308,0.7760029980983043
0.893195445051642,0.8408380171624308,0.7760029980983043
0.893195445051642,0.8408380171624308,0.7717314680592671
0.893195445051642,0.8349470981175623,0.7717314680592671
0.893195445051642,0.8349470981175623,0.7747915829857298
0.8966587398071657,0.8349470981175623,0.7747915829857298
0.8924813945501471,0.8349470981175623,0.7747915829857298
0.8924813945501471,0.8317509340500777,0.7747915829857298
0.8924813945501471,0.8317509340500777,0.7759232187031787
0.8908551276561872,0.8317509340500777,0.7759232187031787
0.8908551276561872,0.8293956731624124,0.7759232187031787
0.8908551276561872,0.8293956731624124,0.7769616438212195
0.8905094023473059,0.8293956731624124,0.7769616438212195
0.8905094023473059,0.8293956731624124,0.778552350822122
0.8905094023473059,0.8265244658246881,0.778552350822122
0.8946648153399345,0.8265244658246881,0.778552350822122
0.8819061097812272,0.8265244658246881,0.778552350822122
0.8819061097812272,0.8265244658246881,0.773057240531735
0.8819061097812272,0.8223460743642054,0.773057240531735
0.8819061097812272,0.8223460743642054,0.7755326356186092
0.8819061097812272,0.8185818845584177,0.7755326356186092
0.8840067212646925,0.8185818845584177,0.7755326356186092
0.8840067212646925,0.8185818845584177,0.7739973615140552
0.880714771078306,0.8185818845584177,0.7739973615140552
0.880714771078306,0.8163586230770161,0.7739973615140552
0.8816011870710223,0.8163586230770161,0.7739973615140552
0.8816011870710223,0.8163586230770161,0.7747269991953639
0.8847169817522231,0.8163586230770161,0.7747269991953639
0.8868584821260408,0.8163586230770161,0.7747269991953639
0.8893334065814568,0.8163586230770161,0.7747269991953639
0.8914257596566104,0.8163586230770161,0.7747269991953639
0.8914257596566104,0.8163586230770161,0.7628702297634516
0.8905941764829389,0.8163586230770161,0.7628702297634516
0.8905941764829389,0.8123139793740258,0.7628702297634516
0.8895181912428997,0.8123139793740258,0.7628702297634516
0.8887389056991073,0.8123139793740258,0.7628702297634516
0.8887389056991073,0.8070360783486472,0.7628702297634516
0.8882566478131029,0.8070360783486472,0.7628702297634516
0.8882665208469325,0.8070360783486472,0.7628702297634516
0.8882665208469325,0.8070360783486472,0.757575198999971
0.8900218468238262,0.8070360783486472,0.757575198999971
0.8900218468238262,0.8002304388810283,0.757575198999971
0.8924644485545772,0.8002304388810283,0.757575198999971
0.8944329138421037,0.8002304388810283,0.757575198999971
0.8970793340004031,0.8002304388810283,0.757575198999971
0.8997389174057085,0.8002304388810283,0.757575198999971
0.8878517433454151,0.8002304388810283,0.757575198999971
0.8878517433454151,0.8002304388810283,0.736632080387428
0.8878517433454151,0.7933697006729206,0.736632080387428
0.8890311668002163,0.7933697006729206,0.736632080387428
0.8920914747733937,0.7933697006729206,0.736632080387428
0.8963881473710218,0.7933697006729206,0.736632080387428
0.8964157081613273,0.7933697006729206,0.736632080387428
0.8994536783370569,0.7933697006729206,0.736632080387428
0.9010760406846681,0.7933697006729206,0.736632080387428
0.8957864757522769,0.7933697006729206,0.736632080387428
0.8957864757522769,0.7819232002009116,0.736632080387428
0.8962468539247653,0.7819232002009116,0.736632080387428
0.8987929559042477,0.7819232002009116,0.736632080387428
0.9011744057733692,0.7819232002009116,0.736632080387428
0.9047776843198821,0.7819232002009116,0.736632080387428
0.8966862520716216,0.7819232002009116,0.736632080387428
0.8966862520716216,0.7819232002009116,0.7378505111734859
0.9004223005465856,0.7819232002009116,0.7378505111734859
0.9033238364048874,0.7819232002009116,0.7378505111734859
0.9058288497041387,0.7819232002009116,0.7378505111734859
0.9062325339743476,0.7819232002009116,0.7378505111734859
0.9088170404408964,0.7819232002009116,0.7378505111734859
0.9115240202753472,0.7819232002009116,0.7378505111734859
0.9135585529548153,0.7819232002009116,0.7378505111734859
0.9138367123855966,0.7819232002009116,0.7378505111734859
0.9152844675922222,0.7819232002009116,0.7378505111734859
0.9152844675922222,0.7690667231345811,0.7378505111734859
0.9152844675922222,0.7690667231345811,0.7385139368444988
0.9158698763585634,0.7690667231345811,0.7385139368444988
0.9179537395485702,0.7690667231345811,0.7385139368444988
0.9204361626517032,0.7690667231345811,0.7385139368444988
0.9187626975914641,0.7690667231345811,0.7385139368444988
0.9219393976038153,0.7690667231345811,0.7385139368444988
0.9245376397513085,0.7690667231345811,0.7385139368444988
0.9260187108815016,0.7690667231345811,0.7385139368444988
0.9286511482032135,0.7690667231345811,0.7385139368444988
0.9306501064655334,0.7690667231345811,0.7385139368444988
0.9316616412185135,0.7690667231345811,0.7385139368444988
0.9322472556362352,0.7690667231345811,0.7385139368444988
0.9338963390957813,0.7690667231345811,0.7385139368444988
0.9340659533398713,0.7690667231345811,0.7385139368444988
0.9340659533398713,0.7690667231345811,0.7457467538018492
0.9340659533398713,0.7690667231345811,0.7565034191939474
0.9340659533398713,0.7690667231345811,0.7651768871088163
0.9340659533398713,0.7690667231345811,0.7687104432898423
0.9340659533398713,0.7690667231345811,0.771809586810485
0.9340659533398713,0.7690667231345811,0.7801199361318015
0.9340659533398713,0.7690667231345811,0.7870341893754383
0.9340659533398713,0.7690667231345811,0.7949768447441351
0.9340659533398713,0.7690667231345811,0.8005220336599621
0.9340659533398713,0.7690667231345811,0.8055255227976201
0.9340659533398713,0.7690667231345811,0.8100444170042973
0.9340659533398713,0.7690667231345811,0.8126085513872656
0.9340659533398713,0.7690667231345811,0.8167518285027529
0.9340659533398713,0.7690667231345811,0.8195153198708891
0.9340659533398713,0.7690667231345811,0.8219517321821861
0.9340659533398713,0.7690667231345811,0.8227792768229478
0.9340659533398713,0.7690667231345811,0.8241193593352608
0.9340659533398713,0.7690667231345811,0.8249154616049752
0.9340659533398713,0.7690667231345811,0.8264712469482728
0.9340659533398713,0.7690667231345811,0.8292983665106238
0.9340659533398713,0.7690667231345811,0.8296222781342993
0.9340659533398713,0.7690667231345811,0.8312979061676581
0.9340659533398713,0.7690667231345811,0.8330029458726815
0.9340659533398713,0.7690667231345811,0.8362795179209029
0.9340659533398713,0.7690667231345811,0.8394717660764686
0.9340659533398713,0.7690667231345811,0.8423171885712272
0.9340659533398713,0.7690667231345811,0.8439431554720199
0.9340659533398713,0.7690667231345811,0.8446300525696943
0.9366199716890489,0.7690667231345811,0.8446300525696943
0.9389450737194271,0.7690667231345811,0.8446300525696943
0.9417811618604682,0.7690667231345811,0.8446300525696943
0.9441927218962313,0.7690667231345811,0.8446300525696943
0.9463881103456301,0.7690667231345811,0.8446300525696943
0.9492201987316224,0.7690667231345811,0.8446300525696943
0.9496511068420279,0.7690667231345811,0.8446300525696943
0.9499883902633172,0.7690667231345811,0.8446300525696943
0.9524048446895478,0.7690667231345811,0.8446300525696943
0.9542123906968593,0.7690667231345811,0.8446300525696943
0.9559197305165456,0.7690667231345811,0.8446300525696943
0.957867234928653,0.7690667231345811,0.8446300525696943
0.9593416064958794,0.7690667231345811,0.8446300525696943
0.9603449310256533,0.7690667231345811,0.8446300525696943
0.9609587511724795,0.7690667231345811,0.8446300525696943
0.9615538422294624,0.7690667231345811,0.8446300525696943
0.9621724501746391,0.7690667231345811,0.8446300525696943
0.9631973992956862,0.7690667231345811,0.8446300525696943
0.9635071702141391,0.7690667231345811,0.8446300525696943
0.9641563277552362,0.7690667231345811,0.8446300525696943
0.965689848514053,0.7690667231345811,0.8446300525696943
0.9626991862262015,0.7690667231345811,0.8446300525696943
0.9626991862262015,0.7690667231345811,0.8514481457144892
0.9626991862262015,0.7690667231345811,0.8576779349833813
0.9626991862262015,0.7690667231345811,0.8627464957136681
0.9626991862262015,0.7690667231345811,0.8670905678191281
0.9626991862262015,0.7690667231345811,0.8703015397963071
0.9626991862262015,0.7690667231345811,0.873500001840657
0.9626991862262015,0.7690667231345811,0.876168801458797
0.9626991862262015,0.7690667231345811,0.8780889511275447
0.9626991862262015,0.7690667231345811,0.8804898714868467
0.9626991862262015,0.7690667231345811,0.8831109836847211
0.9626991862262015,0.7690667231345811,0.885511338842823
0.9626991862262015,0.7690667231345811,0.887733696836508
0.9626991862262015,0.7690667231345811,0.8888992106323343
0.9626991862262015,0.7690667231345811,0.8920200691016668
0.9626991862262015,0.7690667231345811,0.885441769547186
0.9626991862262015,0.7690667231345811,0.8878583052295067
0.9626991862262015,0.7690667231345811,0.8889947165620753
0.9626991862262015,0.7690667231345811,0.8918677613929423
0.9626991862262015,0.7690667231345811,0.8918626284501966
0.9626991862262015,0.7690667231345811,0.8910821811463983
0.9634690900436097,0.7690667231345811,0.8910821811463983
0.9641683552759424,0.7690667231345811,0.8910821811463983
0.9641683552759424,0.7690667231345811,0.889570239221004
0.9643651972927241,0.7690667231345811,0.889570239221004
0.9639746955307555,0.7690667231345811,0.889570239221004
0.9639746955307555,0.7479569778100875,0.889570239221004
0.9651617298455226,0.7479569778100875,0.889570239221004
0.9650578244163428,0.7479569778100875,0.889570239221004
0.9650578244163428,0.7479569778100875,0.8867514493806294
0.9663172922465753,0.7479569778100875,0.8867514493806294
0.9665067296008591,0.7479569778100875,0.8867514493806294
0.9671602112415316,0.7479569778100875,0.8867514493806294
0.9678648171794317,0.7479569778100875,0.8867514493806294
0.967802567077847,0.7479569778100875,0.8867514493806294
0.968484394177459,0.7479569778100875,0.8867514493806294
0.9683896664784948,0.7479569778100875,0.8867514493806294
0.9683896664784948,0.7479569778100875,0.8882292650613621
0.9683896664784948,0.7479569778100875,0.8898034627554888
0.9683896664784948,0.7479569778100875,0.8911303944254731
0.9677666805427969,0.7479569778100875,0.8911303944254731
0.9677666805427969,0.7479569778100875,0.8917015189820446
0.9679269030284153,0.7479569778100875,0.8917015189820446
0.9679269030284153,0.7479569778100875,0.891466120896566
0.9678161334633941,0.7479569778100875,0.891466120896566
0.9664625821122474,0.7479569778100875,0.891466120896566
0.9664625821122474,0.7479569778100875,0.8922028692259035
0.9664625821122474,0.7479569778100875,0.8933390576113746
0.9664625821122474,0.7479569778100875,0.8941981637817242
0.9655300193539194,0.7479569778100875,0.8941981637817242
0.9655300193539194,0.7479569778100875,0.8948528497399675
0.9655300193539194,0.7479569778100875,0.8946707255616456
0.965783045730268,0.7479569778100875,0.8946707255616456
0.9660097588096849,0.7479569778100875,0.8946707255616456
0.9652952387457872,0.7479569778100875,0.8946707255616456
0.9652952387457872,0.7479569778100875,0.8941097521245879
0.9655378937278781,0.7479569778100875,0.8941097521245879
0.9655378937278781,0.7479569778100875,0.8929984074213451
0.9658319580239725,0.7479569778100875,0.8929984074213451
0.9647267548178557,0.7479569778100875,0.8929984074213451
0.9647267548178557,0.7306762157172824,0.8929984074213451
0.9647267548178557,0.7306762157172824,0.8923488284714554
0.964727028127431,0.7306762157172824,0.8923488284714554
0.9650830005643828,0.7306762157172824,0.8923488284714554
0.9654248560460974,0.7306762157172824,0.8923488284714554
0.9654248560460974,0.7306762157172824,0.8910827042142658
0.9645603359629631,0.7306762157172824,0.8910827042142658
0.9647413673320653,0.7306762157172824,0.8910827042142658
0.9647413673320653,0.7306762157172824,0.8907866889721969
0.9641509639638877,0.7306762157172824,0.8907866889721969
0.9639855645837067,0.7306762157172824,0.8907866889721969
0.9639855645837067,0.7306762157172824,0.8883338030012174
0.9634655397857574,0.7306762157172824,0.8883338030012174
0.96256538895986,0.7306762157172824,0.8883338030012174
0.96256538895986,0.7306762157172824,0.8878854529011646
0.9627202794865236,0.7306762157172824,0.8878854529011646
0.9618138071352056,0.7306762157172824,0.8878854529011646
0.9618138071352056,0.7306762157172824,0.8878697727869598
0.9597612289367699,0.7306762157172824,0.8878697727869598
0.9597612289367699,0.7306762157172824,0.8847126136877214
0.9594983563913764,0.7306762157172824,0.8847126136877214
0.959347480341994,0.7306762157172824,0.8847126136877214
0.9585251702979612,0.7306762157172824,0.8847126136877214
0.9585251702979612,0.7305148398430477,0.8847126136877214
0.9585251702979612,0.7305148398430477,0.8824159903697248
0.9584636025731574,0.7305148398430477,0.8824159903697248
0.9582042904702961,0.7305148398430477,0.8824159903697248
0.9566376208947974,0.7305148398430477,0.8824159903697248
0.9566376208947974,0.7128742675968516,0.8824159903697248
0.9566376208947974,0.7128742675968516,0.8759241247113859
0.9566549682955957,0.7128742675968516,0.8759241247113859
0.9559304852667447,0.7128742675968516,0.8759241247113859
0.9565035517531606,0.7128742675968516,0.8759241247113859
0.9566950869555614,0.7128742675968516,0.8759241247113859
0.9568961533154512,0.7128742675968516,0.8759241247113859
0.9566675366548089,0.7128742675968516,0.8759241247113859
0.9319828353713063,0.7128742675968516,0.8759241247113859
0.9319828353713063,0.7128742675968516,0.8737181683870009
0.9319828353713063,0.7128742675968516,0.8733475501155661
0.9319828353713063,0.7128742675968516,0.8718941697683249
0.9319828353713063,0.7128742675968516,0.8673288374291256
0.9319828353713063,0.7168249580116097,0.8673288374291256
0.9319828353713063,0.7191026619490073,0.8673288374291256
0.9319828353713063,0.7230477635530764,0.8673288374291256
0.9319828353713063,0.7209602231817813,0.8673288374291256
0.9319828353713063,0.7209602231817813,0.8615385464078884
0.9319828353713063,0.7240751523308582,0.8615385464078884
0.9319828353713063,0.728290940310926,0.8615385464078884
0.9319828353713063,0.7316194630337675,0.8615385464078884
0.9319828353713063,0.7359354589288052,0.8615385464078884
0.9319828353713063,0.738174771475064,0.8615385464078884
0.9319828353713063,0.7415478224398949,0.8615385464078884
0.9319828353713063,0.7447131478788361,0.8615385464078884
0.9319828353713063,0.747482256967341,0.8615385464078884
0.9319828353713063,0.7478321756200625,0.8615385464078884
0.9319828353713063,0.7478321756200625,0.8597398418434019
0.9319828353713063,0.7491552994262755,0.8597398418434019
0.9329209152589082,0.7491552994262755,0.8597398418434019
0.9337493888381011,0.7491552994262755,0.8597398418434019
0.9355212134447007,0.7491552994262755,0.8597398418434019
0.9326607030207176,0.7491552994262755,0.8597398418434019
0.9326607030207176,0.7491552994262755,0.8566731383064816
0.9326607030207176,0.7489509040232074,0.8566731383064816
0.933685126182854,0.7489509040232074,0.8566731383064816
0.9346544922525352,0.7489509040232074,0.8566731383064816
0.9353457418445329,0.7489509040232074,0.8566731383064816
0.9351936979635639,0.7489509040232074,0.8566731383064816
0.9349033503392582,0.7489509040232074,0.8566731383064816
0.9349033503392582,0.7415472709811843,0.8566731383064816
0.9349033503392582,0.7415472709811843,0.8521229865689359
0.9346156763144471,0.7415472709811843,0.8521229865689359
0.9344656830475464,0.7415472709811843,0.8521229865689359
0.9349222470271483,0.7415472709811843,0.8521229865689359
0.9344967828422895,0.7415472709811843,0.8521229865689359
0.9352412135502949,0.7415472709811843,0.8521229865689359
0.9350815748196597,0.7415472709811843,0.8521229865689359
0.9355367550241259,0.7415472709811843,0.8521229865689359
0.9353809654321336,0.7415472709811843,0.8521229865689359
0.9353809654321336,0.7415472709811843,0.8436042012693564
0.9350600602849208,0.7415472709811843,0.8436042012693564
0.9349893709195581,0.7415472709811843,0.8436042012693564
0.9329258943191169,0.7415472709811843,0.8436042012693564
0.9329258943191169,0.7359029636566239,0.8436042012693564
0.9321725405646516,0.7359029636566239,0.8436042012693564
0.9318753988181142,0.7359029636566239,0.8436042012693564
0.9316574301356003,0.7359029636566239,0.8436042012693564
0.9313577357285037,0.7359029636566239,0.8436042012693564
0.9312238198733065,0.7359029636566239,0.8436042012693564
0.9312238198733065,0.7359029636566239,0.8347212894334375
0.9289294790443791,0.7359029636566239,0.8347212894334375
0.9289294790443791,0.730498124273505,0.8347212894334375
0.924431157163,0.730498124273505,0.8347212894334375
0.9225260126681442,0.730498124273505,0.8347212894334375
0.9225260126681442,0.7282737622376274,0.8347212894334375
0.9225260126681442,0.7282737622376274,0.8296037494460637
0.9217381334895063,0.7282737622376274,0.8296037494460637
0.9181908096312804,0.7282737622376274,0.8296037494460637
0.9181908096312804,0.7234400274260305,0.8296037494460637
0.9181908096312804,0.7234400274260305,0.8225794145328283
0.9140164752666523,0.7234400274260305,0.8225794145328283
0.9101559090666955,0.7234400274260305,0.8225794145328283
0.9101559090666955,0.7203377400800105,0.8225794145328283
0.9101559090666955,0.7203377400800105,0.8054476851835375
0.9095900772165472,0.7203377400800105,0.8054476851835375
0.9086744761892125,0.7203377400800105,0.8054476851835375
0.9086744761892125,0.7202848881228795,0.8054476851835375
0.9045831322316177,0.7202848881228795,0.8054476851835375
0.9045831322316177,0.719873507260629,0.8054476851835375
0.9045831322316177,0.7216959639547943,0.8054476851835375
0.9041162631603553,0.7216959639547943,0.8054476851835375
0.9041162631603553,0.7209337111763557,0.8054476851835375
0.9026621384155937,0.7209337111763557,0.8054476851835375
0.9013410534449057,0.7209337111763557,0.8054476851835375
0.9013410534449057,0.7228700011088014,0.8054476851835375
0.9013410534449057,0.7253588448392068,0.8054476851835375
0.9013410534449057,0.7273912081739197,0.8054476851835375
0.9013410534449057,0.7268925586835085,0.8054476851835375
0.9016027705092647,0.7268925586835085,0.8054476851835375
0.9010125550606188,0.7268925586835085,0.8054476851835375
0.9025276257633612,0.7268925586835085,0.8054476851835375
0.8932166842698266,0.7268925586835085,0.8054476851835375
0.8932166842698266,0.7278674801811418,0.8054476851835375
0.8932166842698266,0.7278674801811418,0.8012872860414015
0.8932166842698266,0.7279604773606807,0.8012872860414015
0.8932166842698266,0.7301073867952056,0.8012872860414015
0.8932166842698266,0.7316725919818736,0.8012872860414015
0.8932166842698266,0.7332281036028413,0.8012872860414015
0.8932166842698266,0.7347204786747088,0.8012872860414015
0.8932166842698266,0.7357089572616273,0.8012872860414015
0.8932166842698266,0.7357089572616273,0.796095002777114
0.8932166842698266,0.7360230806542746,0.796095002777114
0.8937839332269998,0.7360230806542746,0.796095002777114
0.8941466898492181,0.7360230806542746,0.796095002777114
0.893741884927065,0.7360230806542746,0.796095002777114
0.893741884927065,0.7373435460911972,0.796095002777114
0.885056593557732,0.7373435460911972,0.796095002777114
0.885056593557732,0.738609979089047,0.796095002777114
0.885056593557732,0.7388038943490792,0.796095002777114
0.885056593557732,0.7397902936388923,0.796095002777114
0.885056593557732,0.7397902936388923,0.7850107645893533
0.885056593557732,0.7403036474345804,0.7850107645893533
0.885056593557732,0.7407224751437615,0.7850107645893533
0.885056593557732,0.740430914401671,0.7850107645893533
0.8821086418158008,0.740430914401671,0.7850107645893533
0.8821086418158008,0.7415548120137897,0.7850107645893533
0.8821086418158008,0.7409643221288728,0.7850107645893533
0.8821086418158008,0.7413674904199026,0.7850107645893533
0.8805303836038735,0.7413674904199026,0.7850107645893533
0.8805303836038735,0.7413588759146242,0.7850107645893533
0.8810821501538684,0.7413588759146242,0.7850107645893533
0.873924824694575,0.7413588759146242,0.7850107645893533
0.873924824694575,0.7413588759146242,0.7786621883510851
0.873924824694575,0.7415164276295595,0.7786621883510851
0.873924824694575,0.7419332679415183,0.7786621883510851
0.873924824694575,0.7410350573908757,0.7786621883510851
0.873924824694575,0.7412206230135407,0.7786621883510851
0.873851502511761,0.7412206230135407,0.7786621883510851
0.873851502511761,0.7412206230135407,0.7718244253282376
0.873851502511761,0.7374492866697916,0.7718244253282376
0.8656201824917437,0.7374492866697916,0.7718244253282376
0.8656201824917437,0.7352967674908358,0.7718244253282376
0.8656201824917437,0.7352967674908358,0.7633569976490612
0.8657243225687027,0.7352967674908358,0.7633569976490612
0.8657243225687027,0.7308884709956376,0.7633569976490612
0.8670773077590951,0.7308884709956376,0.7633569976490612
0.8599161158827743,0.7308884709956376,0.7633569976490612
0.8599161158827743,0.7303613250701315,0.7633569976490612
0.862670453859205,0.7303613250701315,0.7633569976490612
0.8646790664613568,0.7303613250701315,0.7633569976490612
0.8639372611455812,0.7303613250701315,0.7633569976490612
0.8677320474599065,0.7303613250701315,0.7633569976490612
0.868401110604422,0.7303613250701315,0.7633569976490612
0.8646784472592584,0.7303613250701315,0.7633569976490612
0.8651171665789505,0.7303613250701315,0.7633569976490612
0.8660444455917203,0.7303613250701315,0.7633569976490612
0.8665531756433408,0.7303613250701315,0.7633569976490612
0.8686124697948558,0.7303613250701315,0.7633569976490612
0.872781696917896,0.7303613250701315,0.7633569976490612
0.8758728060558054,0.7303613250701315,0.7633569976490612
0.8803176713034745,0.7303613250701315,0.7633569976490612
0.8760469895323258,0.7303613250701315,0.7633569976490612
0.8743843891521675,0.7303613250701315,0.7633569976490612
0.8750101544461939,0.7303613250701315,0.7633569976490612
0.8758991520059999,0.7303613250701315,0.7633569976490612
0.87978827481583,0.7303613250701315,0.7633569976490612
0.8823971226379121,0.7303613250701315,0.7633569976490612
0.8860837730306722,0.7303613250701315,0.7633569976490612
0.8894993562739955,0.7303613250701315,0.7633569976490612
0.8889722156978697,0.7303613250701315,0.7633569976490612
0.8883251266107464,0.7303613250701315,0.7633569976490612
0.8886299334972121,0.7303613250701315,0.7633569976490612
0.8909645028193811,0.7303613250701315,0.7633569976490612
0.8923935552788683,0.7303613250701315,0.7633569976490612
0.8957077337124835,0.7303613250701315,0.7633569976490612
0.8977511880016255,0.7303613250701315,0.7633569976490612
0.8881373599404427,0.7303613250701315,0.7633569976490612
0.8875707911360785,0.7303613250701315,0.7633569976490612
0.8856480692184776,0.7303613250701315,0.7633569976490612
0.8857828210915226,0.7303613250701315,0.7633569976490612
0.887869524954675,0.7303613250701315,0.7633569976490612
0.8924752140690737,0.7303613250701315,0.7633569976490612
0.8956624173238081,0.7303613250701315,0.7633569976490612
0.8978104606866391,0.7303613250701315,0.7633569976490612
0.900304575027556,0.7303613250701315,0.7633569976490612
0.8995922766386139,0.7303613250701315,0.7633569976490612
0.9005048923401027,0.7303613250701315,0.7633569976490612
0.9034102640440703,0.7303613250701315,0.7633569976490612
0.9059970027425024,0.7303613250701315,0.7633569976490612
0.90814708177748,0.7303613250701315,0.7633569976490612
0.91212960137143,0.7303613250701315,0.7633569976490612
0.9062998334672915,0.7303613250701315,0.7633569976490612
0.9100947570595247,0.7303613250701315,0.7633569976490612
0.9105149999699023,0.7303613250701315,0.7633569976490612
0.9131341516091649,0.7303613250701315,0.7633569976490612
0.9160113311062229,0.7303613250701315,0.7633569976490612
0.9176851085809943,0.7303613250701315,0.7633569976490612
0.9157374870814631,0.7303613250701315,0.7633569976490612
0.9168951159488818,0.7303613250701315,0.7633569976490612
0.8949301325191562,0.7303613250701315,0.7633569976490612
0.8905449150828777,0.7303613250701315,0.7633569976490612
0.889242809584011,0.7303613250701315,0.7633569976490612
0.8908995287588608,0.7303613250701315,0.7633569976490612
0.8940795007459748,0.7303613250701315,0.7633569976490612
0.89658179446209,0.7303613250701315,0.7633569976490612
0.901578155477437,0.7303613250701315,0.7633569976490612
0.9024457686729341,0.7303613250701315,0.7633569976490612
0.9071109751867639,0.7303613250701315,0.7633569976490612
0.9114575001761813,0.7303613250701315,0.7633569976490612
0.9153748290659175,0.7303613250701315,0.7633569976490612
0.9188911493825194,0.7303613250701315,0.7633569976490612
0.9172544232970509,0.7303613250701315,0.7633569976490612
0.9189351305135784,0.7303613250701315,0.7633569976490612
0.9186699323841905,0.7303613250701315,0.7633569976490612
0.9189599348278281,0.7303613250701315,0.7633569976490612
0.9211096811294854,0.7303613250701315,0.7633569976490612
0.9237894252489183,0.7303613250701315,0.7633569976490612
0.9154513158296661,0.7303613250701315,0.7633569976490612
0.9177130684828957,0.7303613250701315,0.7633569976490612
0.9197662041907473,0.7303613250701315,0.7633569976490612
0.9059679079709351,0.7303613250701315,0.7633569976490612
0.9088267456865136,0.7303613250701315,0.7633569976490612
0.9056292783241234,0.7303613250701315,0.7633569976490612
0.9074305157048671,0.7303613250701315,0.7633569976490612
0.9074068936840372,0.7303613250701315,0.7633569976490612
0.9109250412229278,0.7303613250701315,0.7633569976490612
0.9143714014775843,0.7303613250701315,0.7633569976490612
0.9187214115716846,0.7303613250701315,0.7633569976490612
0.9225451048404717,0.7303613250701315,0.7633569976490612
0.9247876659949483,0.7303613250701315,0.7633569976490612
0.9250151141836667,0.7303613250701315,0.7633569976490612
0.925739088517082,0.7303613250701315,0.7633569976490612
0.9273886581035097,0.7303613250701315,0.7633569976490612
0.9293043455089862,0.7303613250701315,0.7633569976490612
0.9285884534034449,0.7303613250701315,0.7633569976490612
0.9213920923896725,0.7303613250701315,0.7633569976490612
0.9222121688720715,0.7303613250701315,0.7633569976490612
0.9231529276020931,0.7303613250701315,0.7633569976490612
0.927743201054468,0.7303613250701315,0.7633569976490612
0.9300822206879613,0.7303613250701315,0.7633569976490612
0.9306275214464208,0.7303613250701315,0.7633569976490612
0.9310089969807412,0.7303613250701315,0.7633569976490612
0.9276422525104037,0.7303613250701315,0.7633569976490612
0.9285646100759469,0.7303613250701315,0.7633569976490612
0.9313809578796008,0.7303613250701315,0.7633569976490612
0.9322440122717659,0.7303613250701315,0.7633569976490612
0.9341838413360646,0.7303613250701315,0.7633569976490612
0.933445007495948,0.7303613250701315,0.7633569976490612
0.934890548563137,0.7303613250701315,0.7633569976490612
0.9368056671682613,0.7303613250701315,0.7633569976490612
0.9295230524276666,0.7303613250701315,0.7633569976490612
0.9272507347367653,0.7303613250701315,0.7633569976490612
0.927046974462705,0.7303613250701315,0.7633569976490612
0.9312521357659773,0.7303613250701315,0.7633569976490612
0.9320064362444699,0.7303613250701315,0.7633569976490612
0.9343372078868333,0.7303613250701315,0.7633569976490612
0.9363909758885532,0.7303613250701315,0.7633569976490612
0.9375157975190864,0.7303613250701315,0.7633569976490612
0.9407474325558016,0.7303613250701315,0.7633569976490612
0.9437062421256364,0.7303613250701315,0.7633569976490612
0.9456825729993052,0.7303613250701315,0.7633569976490612
0.9477201694998454,0.7303613250701315,0.7633569976490612
0.9470890990458392,0.7303613250701315,0.7633569976490612
0.9446650145831996,0.7303613250701315,0.7633569976490612
0.9479851223353307,0.7303613250701315,0.7633569976490612
0.9332931690308084,0.7303613250701315,0.7633569976490612
0.9296916942187043,0.7303613250701315,0.7633569976490612
0.9336098664287003,0.7303613250701315,0.7633569976490612
0.9361412941107012,0.7303613250701315,0.7633569976490612
0.9367971590751016,0.7303613250701315,0.7633569976490612
0.940003534627739,0.7303613250701315,0.7633569976490612
0.9433637728783327,0.7303613250701315,0.7633569976490612
0.944571699392386,0.7303613250701315,0.7633569976490612
0.946137382634425,0.7303613250701315,0.7633569976490612
0.9475041668872001,0.7303613250701315,0.7633569976490612
0.9487275573381682,0.7303613250701315,0.7633569976490612
0.9495771935668533,0.7303613250701315,0.7633569976490612
0.9506462078123716,0.7303613250701315,0.7633569976490612
0.9532393889405575,0.7303613250701315,0.7633569976490612
0.9554869546623596,0.7303613250701315,0.7633569976490612
0.9544667280430692,0.7303613250701315,0.7633569976490612
0.9567715102853571,0.7303613250701315,0.7633569976490612
0.9567723453117413,0.7303613250701315,0.7633569976490612
0.9577386422592754,0.7303613250701315,0.7633569976490612
0.9588041951018628,0.7303613250701315,0.7633569976490612
0.9597168284910402,0.7303613250701315,0.7633569976490612
0.9609996731240753,0.7303613250701315,0.7633569976490612
0.9609097809913167,0.7303613250701315,0.7633569976490612
0.9610214471996912,0.7303613250701315,0.7633569976490612
0.9605499014203722,0.7303613250701315,0.7633569976490612
0.9621048224284772,0.7303613250701315,0.7633569976490612
0.9629528889373508,0.7303613250701315,0.7633569976490612
0.9646593675193514,0.7303613250701315,0.7633569976490612
0.9650115812625905,0.7303613250701315,0.7633569976490612
0.9649369208275529,0.7303613250701315,0.7633569976490612
0.9518341925085312,0.7303613250701315,0.7633569976490612
0.9491463521750877,0.7303613250701315,0.7633569976490612
0.9500031748122147,0.7303613250701315,0.7633569976490612
0.9497512548939715,0.7303613250701315,0.7633569976490612
0.9503208436156149,0.7303613250701315,0.7633569976490612
0.9497595021905431,0.7303613250701315,0.7633569976490612
0.9497989829926764,0.7303613250701315,0.7633569976490612
0.9524519708376373,0.7303613250701315,0.7633569976490612
0.9522642106688328,0.7303613250701315,0.7633569976490612
0.9540308761761164,0.7303613250701315,0.7633569976490612
0.9555356810002879,0.7303613250701315,0.7633569976490612
0.9572809084461589,0.7303613250701315,0.7633569976490612
0.9562239295578974,0.7303613250701315,0.7633569976490612
0.9583459732289109,0.7303613250701315,0.7633569976490612
0.9598392218520341,0.7303613250701315,0.7633569976490612
0.9431381242286032,0.7303613250701315,0.7633569976490612
0.9447929530820389,0.7303613250701315,0.7633569976490612
0.9482207499425213,0.7303613250701315,0.7633569976490612
0.9521554155919586,0.7303613250701315,0.7633569976490612
0.9548367768265246,0.7303613250701315,0.7633569976490612
0.9551636360543975,0.7303613250701315,0.7633569976490612
0.9460265707007921,0.7303613250701315,0.7633569976490612
0.9432285521198713,0.7303613250701315,0.7633569976490612
0.9453762259229733,0.7303613250701315,0.7633569976490612
0.9465748981855812,0.7303613250701315,0.7633569976490612
0.9480423716841615,0.7303613250701315,0.7633569976490612
0.9510759101500198,0.7303613250701315,0.7633569976490612
0.9543346348185493,0.7303613250701315,0.7633569976490612
0.9566662250131485,0.7303613250701315,0.7633569976490612
0.959431141118382,0.7303613250701315,0.7633569976490612
0.9474860403548565,0.7303613250701315,0.7633569976490612
0.9504679144313339,0.7303613250701315,0.7633569976490612
0.9507328131170882,0.7303613250701315,0.7633569976490612
0.9524508636459411,0.7303613250701315,0.7633569976490612
0.9556269930838673,0.7303613250701315,0.7633569976490612
0.9567763106929328,0.7303613250701315,0.7633569976490612
0.9545543695295606,0.7303613250701315,0.7633569976490612
0.9536997284881941,0.7303613250701315,0.7633569976490612
0.9556633112554167,0.7303613250701315,0.7633569976490612
0.9534371211406186,0.7303613250701315,0.7633569976490612
0.9488774657526797,0.7303613250701315,0.7633569976490612
0.9448875012951059,0.7303613250701315,0.7633569976490612
0.9469481464983038,0.7303613250701315,0.7633569976490612
0.9442063828413606,0.7303613250701315,0.7633569976490612
0.947129000976572,0.7303613250701315,0.7633569976490612
0.9340381397959889,0.7303613250701315,0.7633569976490612
0.9340381397959889,0.7545015107502892,0.7633569976490612
0.9340381397959889,0.7760969132121344,0.7633569976490612
0.9340381397959889,0.7954233948672115,0.7633569976490612
0.9340381397959889,0.8128842093484377,0.7633569976490612
0.9340381397959889,0.828317518578912,0.7633569976490612
0.9340381397959889,0.8425907556977218,0.7633569976490612
0.9340381397959889,0.8554602125133821,0.7633569976490612
0.9340381397959889,0.86638696836373,0.7633569976490612
0.9340381397959889,0.8758789155070601,0.7633569976490612
0.9340381397959889,0.8840657940475811,0.7633569976490612
0.9340381397959889,0.8907266828584971,0.7633569976490612
0.9340381397959889,0.896145074592532,0.7633569976490612
0.9340381397959889,0.9003955294358392,0.7633569976490612
0.9340381397959889,0.9029697018728062,0.7633569976490612
0.9340381397959889,0.9056877214890628,0.7633569976490612
0.9340381397959889,0.9085541376732141,0.7633569976490612
0.9340381397959889,0.9066609132557629,0.7633569976490612
0.9340381397959889,0.90537293921419,0.7633569976490612
0.9340381397959889,0.9097154429527676,0.7633569976490612
0.9340381397959889,0.9134036233126301,0.7633569976490612
0.9340381397959889,0.9157749278270427,0.7633569976490612
0.9340381397959889,0.9193943224743051,0.7633569976490612
0.9340381397959889,0.9226786217092333,0.7633569976490612
0.9340381397959889,0.9260129250736588,0.7633569976490612
0.9340381397959889,0.9279902080654935,0.7633569976490612
0.9340381397959889,0.9310872593458734,0.7633569976490612
0.9340381397959889,0.9340815302973003,0.7633569976490612
0.9340381397959889,0.9355584474555976,0.7633569976490612
0.9340381397959889,0.9365095943074023,0.7633569976490612
0.9340381397959889,0.9328665953771538,0.7633569976490612
0.9340381397959889,0.9224137813490606,0.7633569976490612
0.9340381397959889,0.9226944688141916,0.7633569976490612
0.9340381397959889,0.9223635713895144,0.7633569976490612
0.9340381397959889,0.9223356873958943,0.7633569976490612
0.9340381397959889,0.9226049242039494,0.7633569976490612
0.9340381397959889,0.9221609133724694,0.7633569976490612
0.9340381397959889,0.92242437674239,0.7633569976490612
0.9340381397959889,0.9222975073021477,0.7633569976490612
0.9340381397959889,0.9225090301210195,0.7633569976490612
0.9340381397959889,0.9228250705659127,0.7633569976490612
0.9340381397959889,0.9226075225429117,0.7633569976490612
0.9340381397959889,0.9220898653183713,0.7633569976490612
0.9340381397959889,0.9219451935627175,0.7633569976490612
0.9340381397959889,0.9205090155994357,0.7633569976490612
0.9340381397959889,0.9187587866036323,0.7633569976490612
0.9340381397959889,0.9179506912172956,0.7633569976490612
0.9340381397959889,0.9164263710564222,0.7633569976490612
0.9340381397959889,0.9154908602633623,0.7633569976490612
0.9340381397959889,0.9141290035571856,0.7633569976490612
0.9340381397959889,0.9130220511976883,0.7633569976490612
0.9340381397959889,0.9126459929661459,0.7633569976490612
0.9340381397959889,0.9118346487878277,0.7633569976490612
0.9340381397959889,0.9116545290698914,0.7633569976490612
0.9340381397959889,0.9113335988498752,0.7633569976490612
0.9340381397959889,0.9111807158127658,0.7633569976490612
0.9340381397959889,0.9103159480042583,0.7633569976490612
0.9340381397959889,0.9077552933095324,0.7633569976490612
0.9340381397959889,0.906188133518609,0.7633569976490612
0.9340381397959889,0.905233093516239,0.7633569976490612
0.9340381397959889,0.9044043720378813,0.7633569976490612
0.9340381397959889,0.9034368409231395,0.7633569976490612
0.9340381397959889,0.9011735860638148,0.7633569976490612
0.9340381397959889,0.9001510973550357,0.7633569976490612
0.9340381397959889,0.8986804256577617,0.7633569976490612
0.9340381397959889,0.8980435873732332,0.7633569976490612
0.9340381397959889,0.8969351523989815,0.7633569976490612
0.9340381397959889,0.8948199353969918,0.7633569976490612
0.9340381397959889,0.8925763390092208,0.7633569976490612
0.9340381397959889,0.8881586892581879,0.7633569976490612
0.9340381397959889,0.8851928149872672,0.7633569976490612
0.9340381397959889,0.8823283055587852,0.7633569976490612
0.9340381397959889,0.8792032265399691,0.7633569976490612
0.9340381397959889,0.8722269875783198,0.7633569976490612
0.9340381397959889,0.8676872949573109,0.7633569976490612
0.9340381397959889,0.8630588118208969,0.7633569976490612
0.9340381397959889,0.8588529845391636,0.7633569976490612
0.9340381397959889,0.8542561090251276,0.7633569976490612
0.9340381397959889,0.8504199234367247,0.7633569976490612
0.9340381397959889,0.8458439480945181,0.7633569976490612
0.9340381397959889,0.8423916864978219,0.7633569976490612
0.9340381397959889,0.8395491907459964,0.7633569976490612
0.9340381397959889,0.8363194270387222,0.7633569976490612
0.9340381397959889,0.8333164540704585,0.7633569976490612
0.9340381397959889,0.8300348685691399,0.7633569976490612
0.9340381397959889,0.8300348685691399,0.7620266920494707
0.9340381397959889,0.8265823337067402,0.7620266920494707
0.9340381397959889,0.8265823337067402,0.7635378720554231
0.9340381397959889,0.8265823337067402,0.7654416189223341
0.9340381397959889,0.8265823337067402,0.7671062450029743
0.9340381397959889,0.8265823337067402,0.7663703658840632
0.9340381397959889,0.8265823337067402,0.7644050071010866
0.9340381397959889,0.821741269310458,0.7644050071010866
0.9340381397959889,0.821741269310458,0.7644113021490088
0.9340381397959889,0.821741269310458,0.764365879675889
0.9315645170244402,0.821741269310458,0.764365879675889
0.9315645170244402,0.821741269310458,0.7618230027350377
0.9246296609780352,0.821741269310458,0.7618230027350377
0.9246296609780352,0.8080771817610909,0.7618230027350377
0.9246296609780352,0.8080771817610909,0.7594673940350205
0.9246296609780352,0.8080771817610909,0.7560250412981453
0.9186201224478079,0.8080771817610909,0.7560250412981453
0.9186201224478079,0.8080771817610909,0.7541808930509688
0.9186201224478079,0.8080771817610909,0.7517253123854009
0.9146091021932299,0.8080771817610909,0.7517253123854009
0.9146091021932299,0.7974017003581928,0.7517253123854009
0.9146091021932299,0.7974017003581928,0.7485929008197559
0.9075288746711645,0.7974017003581928,0.7485929008197559
0.9075288746711645,0.7974017003581928,0.7438299308732274
0.9004983476329239,0.7974017003581928,0.7438299308732274
0.9004983476329239,0.7878409645480334,0.7438299308732274
0.9004983476329239,0.7878409645480334,0.7371819362152978
0.8884353635204149,0.7878409645480334,0.7371819362152978
0.8884353635204149,0.7878409645480334,0.729806451163146
0.8884353635204149,0.7766983525997161,0.729806451163146
0.8884353635204149,0.7766983525997161,0.7235697766660876
0.8753932746601958,0.7766983525997161,0.7235697766660876
0.8753932746601958,0.7675503948078302,0.7235697766660876
0.8753932746601958,0.7675503948078302,0.7076958884095709
0.8656040058592724,0.7675503948078302,0.7076958884095709
0.8656040058592724,0.7595970932101959,0.7076958884095709
0.8656040058592724,0.7521086506782432,0.7076958884095709
0.8547357502622621,0.7521086506782432,0.7076958884095709
0.8547357502622621,0.7521086506782432,0.7033122711048245
0.8547357502622621,0.7521086506782432,0.7024597160919069
0.8547357502622621,0.7456416760924538,0.7024597160919069
0.8547357502622621,0.7456416760924538,0.6996762839935378
0.8423904469155978,0.7456416760924538,0.6996762839935378
0.8423904469155978,0.7456416760924538,0.6967390347586115
0.8423904469155978,0.7398839985839084,0.6967390347586115
0.8423904469155978,0.7398839985839084,0.6935418264080815
0.8423904469155978,0.7398839985839084,0.6910404621919762
0.8423904469155978,0.7311677745308977,0.6910404621919762
0.8423904469155978,0.7311677745308977,0.6868249266094617
0.8279889457709679,0.7311677745308977,0.6868249266094617
0.8279889457709679,0.7311677745308977,0.6809104416435611
0.8279889457709679,0.724479460549881,0.6809104416435611
0.8279889457709679,0.724479460549881,0.677359439358358
0.8279889457709679,0.7171997476481383,0.677359439358358
0.8072671689529954,0.7171997476481383,0.677359439358358
0.8072671689529954,0.7171997476481383,0.6706500483271421
0.8072671689529954,0.7078359266633752,0.6706500483271421
0.8072671689529954,0.7078359266633752,0.6646283654883668
0.8072671689529954,0.7078359266633752,0.657703819367216
0.8072671689529954,0.7025711742878831,0.657703819367216
0.7843325855712302,0.7025711742878831,0.657703819367216
0.7843325855712302,0.6956628141373118,0.657703819367216
0.7843325855712302,0.6956628141373118,0.6490112096257524
0.7843325855712302,0.6886421497182578,0.6490112096257524
0.7843325855712302,0.6886421497182578,0.6404638635130719
0.7843325855712302,0.6850914397393106,0.6404638635130719
0.7843325855712302,0.6807881285920689,0.6404638635130719
0.7619543280218326,0.6807881285920689,0.6404638635130719
0.7619543280218326,0.6807881285920689,0.6290267027301293
0.7619543280218326,0.6781338535048385,0.6290267027301293
0.7619543280218326,0.6750337552498502,0.6290267027301293
0.7619543280218326,0.671926777468207,0.6290267027301293
0.7619543280218326,0.671926777468207,0.6162482472959683
0.7619543280218326,0.668143461483697,0.6162482472959683
0.7619543280218326,0.6634692184826271,0.6162482472959683
0.7453491615563955,0.6634692184826271,0.6162482472959683
0.7453491615563955,0.6591981124683431,0.6162482472959683
0.7453491615563955,0.6591981124683431,0.6001299074964656
0.7453491615563955,0.6536382902666286,0.6001299074964656
0.7453491615563955,0.6533829518047163,0.6001299074964656
0.7453491615563955,0.6530166804613348,0.6001299074964656
0.7453491615563955,0.6514032610804895,0.6001299074964656
0.7205705180150882,0.6514032610804895,0.6001299074964656
0.7205705180150882,0.6511812892665919,0.6001299074964656
0.7205705180150882,0.6500627567160727,0.6001299074964656
0.7205705180150882,0.6496268533440844,0.6001299074964656
0.7205705180150882,0.6496268533440844,0.5964555609934032
0.7205705180150882,0.6493818181400314,0.5964555609934032
0.7205705180150882,0.647355431717541,0.5964555609934032
0.7205705180150882,0.647355431717541,0.5882194056548502
0.7205705180150882,0.6448198455925059,0.5882194056548502
0.7205705180150882,0.6452176233407421,0.5882194056548502
0.7205705180150882,0.6455645017764834,0.5882194056548502
0.7205705180150882,0.645820318278341,0.5882194056548502
0.7205705180150882,0.6462513458323331,0.5882194056548502
0.7205705180150882,0.6480710511136089,0.5882194056548502
0.7205705180150882,0.6494765821590425,0.5882194056548502
0.7205705180150882,0.6494531126065777,0.5882194056548502
0.7205705180150882,0.6499708521564411,0.5882194056548502
0.7205705180150882,0.6509535800470976,0.5882194056548502
0.7205705180150882,0.6493437288782952,0.5882194056548502
0.7205705180150882,0.6504240074301585,0.5882194056548502
0.7205705180150882,0.6496609888930694,0.5882194056548502
0.7205705180150882,0.6450396441276216,0.5882194056548502
0.7205705180150882,0.6450396441276216,0.5941151063832315
0.7205705180150882,0.6450396441276216,0.5973663875404671
0.7205705180150882,0.6450396441276216,0.6008252081780846
0.7205705180150882,0.6450396441276216,0.6034056021594795
0.7205705180150882,0.6450396441276216,0.6049778320659434
0.7205705180150882,0.6450396441276216,0.6213750091234709
0.7205705180150882,0.6450396441276216,0.6274743085523999
0.7205705180150882,0.6450396441276216,0.6353758955666656
0.7205705180150882,0.6450396441276216,0.6429656264215514
0.7205705180150882,0.6450396441276216,0.6488964751318312
0.7205705180150882,0.6450396441276216,0.6547232189685888
0.7205705180150882,0.6450396441276216,0.6592717376195699
0.7205705180150882,0.6450396441276216,0.6638995771920073
0.7205705180150882,0.6450396441276216,0.6532250441673739
0.7205705180150882,0.6450396441276216,0.6450064011904397
0.7205705180150882,0.6450396441276216,0.6370618610942751
0.7205705180150882,0.6450396441276216,0.6286864205861737
0.7205705180150882,0.6450396441276216,0.6221471997105995
0.7205705180150882,0.6450396441276216,0.6126951019697847
0.7205705180150882,0.6450396441276216,0.6029631372054131
0.7205705180150882,0.6499389753475631,0.6029631372054131
0.7205705180150882,0.6540946904282274,0.6029631372054131
0.7205705180150882,0.6577132820918661,0.6029631372054131
0.7205705180150882,0.6613270578988799,0.6029631372054131
0.7205705180150882,0.665442313389661,0.6029631372054131
0.7205705180150882,0.6680066791893485,0.6029631372054131
0.7205705180150882,0.6724062766737889,0.6029631372054131
0.7205705180150882,0.6766871325577481,0.6029631372054131
0.7205705180150882,0.6806210355419102,0.6029631372054131
0.7205705180150882,0.6833140366223116,0.6029631372054131
0.7205705180150882,0.6853113619770023,0.6029631372054131
0.7205705180150882,0.6860126138421447,0.6029631372054131
0.7205705180150882,0.6892353982417143,0.6029631372054131
0.7205705180150882,0.6890893963478226,0.6029631372054131
0.7205705180150882,0.690586825899679,0.6029631372054131
0.7205705180150882,0.6968478507076028,0.6029631372054131
0.7205705180150882,0.7037342449188407,0.6029631372054131
0.7205705180150882,0.7083815621278604,0.6029631372054131
0.7205705180150882,0.7140915796712884,0.6029631372054131
0.7205705180150882,0.7187217969597952,0.6029631372054131
0.7205705180150882,0.723304795285472,0.6029631372054131
0.7205705180150882,0.7275125362934086,0.6029631372054131
0.7205705180150882,0.7302857869854783,0.6029631372054131
0.7205705180150882,0.7349640222882934,0.6029631372054131
0.7205705180150882,0.7373007752140988,0.6029631372054131
0.7205705180150882,0.7409931959619545,0.6029631372054131
0.7205705180150882,0.743712197629148,0.6029631372054131
0.7205705180150882,0.7461020631498628,0.6029631372054131
0.7205705180150882,0.7482693435410607,0.6029631372054131
0.7205705180150882,0.7518125849679428,0.6029631372054131
0.7205705180150882,0.7576937608348587,0.6029631372054131
0.7205705180150882,0.762198289595786,0.6029631372054131
0.7205705180150882,0.7669922209892155,0.6029631372054131
0.7205705180150882,0.7709176798560591,0.6029631372054131
0.7205705180150882,0.7746792162143012,0.6029631372054131
0.7205705180150882,0.778527972667808,0.6029631372054131
0.7205705180150882,0.780773505815935,0.6029631372054131
0.7205705180150882,0.7840387471609127,0.6029631372054131
0.7205705180150882,0.7861232056334249,0.6029631372054131
0.7205705180150882,0.7886681037746244,0.6029631372054131
0.7205705180150882,0.7914337280861857,0.6029631372054131
0.7205705180150882,0.7939489873518476,0.6029631372054131
0.7205705180150882,0.7938566602830565,0.6029631372054131
0.7205705180150882,0.7955258116864611,0.6029631372054131
0.7205705180150882,0.7973020156746131,0.6029631372054131
0.7205705180150882,0.7985035325055378,0.6029631372054131
0.7205705180150882,0.7996418836454829,0.6029631372054131
0.7205705180150882,0.8014909578667235,0.6029631372054131
0.7205705180150882,0.802197023499357,0.6029631372054131
0.7205705180150882,0.8068056432398392,0.6029631372054131
0.7205705180150882,0.8085388706672371,0.6029631372054131
0.7205705180150882,0.8115773910630076,0.6029631372054131
0.7205705180150882,0.8145215347509543,0.6029631372054131
0.7205705180150882,0.81898981293345,0.6029631372054131
0.7205705180150882,0.8247844941749112,0.6029631372054131
0.7205705180150882,0.8281726183824598,0.6029631372054131
0.7205705180150882,0.8316377209220277,0.6029631372054131
0.7205705180150882,0.8361968300396905,0.6029631372054131
0.7205705180150882,0.8395804308791652,0.6029631372054131
0.7205705180150882,0.842711627315213,0.6029631372054131
0.7205705180150882,0.8445078767154236,0.6029631372054131
0.7205705180150882,0.8463267334178866,0.6029631372054131
0.7205705180150882,0.8497402882056582,0.6029631372054131
0.7205705180150882,0.8533304921524755,0.6029631372054131
0.7205705180150882,0.8545516675137622,0.6029631372054131
0.7205705180150882,0.8577000731326314,0.6029631372054131
0.7205705180150882,0.8601710919492485,0.6029631372054131
0.7205705180150882,0.861656235493312,0.6029631372054131
0.7205705180150882,0.8639261203097403,0.6029631372054131
0.7205705180150882,0.8658152454685935,0.6029631372054131
0.7205705180150882,0.8680601003535281,0.6029631372054131
0.7205705180150882,0.8712645016062243,0.6029631372054131
0.7205705180150882,0.8704190158253096,0.6029631372054131
0.7205705180150882,0.8723089450851208,0.6029631372054131
0.7205705180150882,0.8746970320563963,0.6029631372054131
0.7205705180150882,0.876209797718237,0.6029631372054131
0.7205705180150882,0.8787930517388637,0.6029631372054131
0.7205705180150882,0.8811053221744292,0.6029631372054131
0.7205705180150882,0.8821180108830625,0.6029631372054131
0.7205705180150882,0.8827728466289382,0.6029631372054131
0.7205705180150882,0.8824482411290094,0.6029631372054131
0.7205705180150882,0.883510152338876,0.6029631372054131
0.7205705180150882,0.8848283555534516,0.6029631372054131
0.7205705180150882,0.8864412034722975,0.6029631372054131
0.7205705180150882,0.8874229815572984,0.6029631372054131
0.7205705180150882,0.8888645165247542,0.6029631372054131
0.7205705180150882,0.890805650620059,0.6029631372054131
0.7205705180150882,0.8928540609894218,0.6029631372054131
0.7205705180150882,0.8936185921859965,0.6029631372054131
0.7205705180150882,0.8944260934680034,0.6029631372054131
0.7205705180150882,0.8959131809356856,0.6029631372054131
0.7205705180150882,0.8974590906863898,0.6029631372054131
0.7205705180150882,0.8985303635750221,0.6029631372054131
0.7205705180150882,0.8993276274443027,0.6029631372054131
0.7205705180150882,0.9008324517953714,0.6029631372054131
0.7205705180150882,0.9023623532980477,0.6029631372054131
0.7205705180150882,0.9036330487753231,0.6029631372054131
0.7205705180150882,0.9051172631545403,0.6029631372054131
0.7205705180150882,0.9060162877693145,0.6029631372054131
0.7205705180150882,0.9067910160516912,0.6029631372054131
0.7205705180150882,0.9073874282401242,0.6029631372054131
0.7205705180150882,0.9076845505107515,0.6029631372054131
0.7205705180150882,0.9054139585067809,0.6029631372054131
0.7205705180150882,0.9081357247456546,0.6029631372054131
0.7205705180150882,0.9068601690896793,0.6029631372054131
0.7205705180150882,0.9073673231524866,0.6029631372054131
0.7205705180150882,0.9073245898655605,0.6029631372054131
0.7205705180150882,0.903343129759652,0.6029631372054131
0.7205705180150882,0.9030933766431105,0.6029631372054131
0.7205705180150882,0.9041366793814706,0.6029631372054131
0.7205705180150882,0.9048228689730586,0.6029631372054131
0.7205705180150882,0.9085898638309434,0.6029631372054131
0.7205705180150882,0.9077274319462652,0.6029631372054131
0.7205705180150882,0.9112407196407092,0.6029631372054131
0.7205705180150882,0.9143920250564279,0.6029631372054131
0.7205705180150882,0.9163735453301199,0.6029631372054131
0.7205705180150882,0.9180415316052917,0.6029631372054131
0.7205705180150882,0.9197527765842227,0.6029631372054131
0.7205705180150882,0.9227559057171462,0.6029631372054131
0.7205705180150882,0.9257906043605254,0.6029631372054131
0.7205705180150882,0.9276645005094603,0.6029631372054131
0.7205705180150882,0.9297077885962663,0.6029631372054131
0.7205705180150882,0.9317853655368353,0.6029631372054131
0.7205705180150882,0.9336942595744314,0.6029631372054131
0.7205705180150882,0.9344229717878156,0.6029631372054131
0.7205705180150882,0.934663164565024,0.6029631372054131
0.7205705180150882,0.9365383708710335,0.6029631372054131
0.7205705180150882,0.9378939982189112,0.6029631372054131
0.7205705180150882,0.9387944551409905,0.6029631372054131
0.7205705180150882,0.9407781756461573,0.6029631372054131
0.7205705180150882,0.9421223539065514,0.6029631372054131
0.7205705180150882,0.9433962001255642,0.6029631372054131
0.7205705180150882,0.9447140048909717,0.6029631372054131
0.7205705180150882,0.9444308530264011,0.6029631372054131
0.7205705180150882,0.9457151927745394,0.6029631372054131
0.7205705180150882,0.9461159047896375,0.6029631372054131
0.7205705180150882,0.9474938239575317,0.6029631372054131
0.7205705180150882,0.9469771351131052,0.6029631372054131
0.7205705180150882,0.9477821525354444,0.6029631372054131
0.7205705180150882,0.9489658045705525,0.6029631372054131
0.7205705180150882,0.9501425218811499,0.6029631372054131
0.7205705180150882,0.95045730634059,0.6029631372054131
0.7205705180150882,0.951224373717541,0.6029631372054131
0.7205705180150882,0.9512635370005569,0.6029631372054131
0.7205705180150882,0.9519604210716193,0.6029631372054131
0.7205705180150882,0.9484620622696909,0.6029631372054131
0.7205705180150882,0.9496989883743768,0.6029631372054131
0.7205705180150882,0.9508148260803256,0.6029631372054131
0.7205705180150882,0.9520973511539096,0.6029631372054131
0.7205705180150882,0.9532544698095032,0.6029631372054131
0.7205705180150882,0.9544225118281556,0.6029631372054131
0.7205705180150882,0.9554764036723515,0.6029631372054131
0.7205705180150882,0.9564273020434616,0.6029631372054131
0.7205705180150882,0.9586027986757318,0.6029631372054131
0.7205705180150882,0.9605629539197429,0.6029631372054131
0.7205705180150882,0.9623245170328601,0.6029631372054131
0.7205705180150882,0.9639117114952327,0.6029631372054131
0.7205705180150882,0.9653417983426562,0.6029631372054131
0.7205705180150882,0.966630329702306,0.6029631372054131
0.7205705180150882,0.9677913180207174,0.6029631372054131
0.7205705180150882,0.9689061992746315,0.6029631372054131
0.7205705180150882,0.9699107592423192,0.6029631372054131
0.7205705180150882,0.9721148463785326,0.6029631372054131
0.7205705180150882,0.9740977463517533,0.6029631372054131
0.7205705180150882,0.9758816553608003,0.6029631372054131
0.7205705180150882,0.9774357795739184,0.6029631372054131
0.7205705180150882,0.9788339074879505,0.6029631372054131
0.7205705180150882,0.9800916970025781,0.6029631372054131
0.7205705180150882,0.9812232344429423,0.6029631372054131
0.7205705180150882,0.9822411922854988,0.6029631372054131
0.7205705180150882,0.9831613385424363,0.6029631372054131
0.7205705180150882,0.9839891252796971,0.6029631372054131
0.7205705180150882,0.9847338229499776,0.6029631372054131
0.7205705180150882,0.9854037715202005,0.6029631372054131
0.7205705180150882,0.9860064738611466,0.6029631372054131
0.7205705180150882,0.9866566422920804,0.6029631372054131
0.7205705180150882,0.9872415797891432,0.6029631372054131
0.7205705180150882,0.9877678308736935,0.6029631372054131
0.7205705180150882,0.9882412834749432,0.6029631372054131
0.7205705180150882,0.988667234802003,0.6029631372054131
0.7205705180150882,0.989157548876206,0.6029631372054131
0.7205705180150882,0.989598692508065,0.6029631372054131
0.7205705180150882,0.9899955966595206,0.6029631372054131
0.7205705180150882,0.9903526978054088,0.6029631372054131
0.7205705180150882,0.9906739875207411,0.6029631372054131
0.7205705180150882,0.9910700325398937,0.6029631372054131
0.7205705180150882,0.9914263790200133,0.6029631372054131
0.7205705180150882,0.9917470062273029,0.6029631372054131
0.7205705180150882,0.9920354945604986,0.6029631372054131
0.7205705180150882,0.9922950655314255,0.6029631372054131
0.7205705180150882,0.9924916269002172,0.6029631372054131
0.7205705180150882,0.9926684822715168,0.6029631372054131
0.7205705180150882,0.9928276072401642,0.6029631372054131
0.7205705180150882,0.992970779341429,0.6029631372054131
0.7205705180150882,0.9930995979069716,0.6029631372054131
0.7205705180150882,0.993255106377488,0.6029631372054131
0.7205705180150882,0.9933950272160877,0.6029631372054131
0.7205705180150882,0.99352092287104,0.6029631372054131
0.7205705180150882,0.99363419917681,0.6029631372054131
0.7205705180150882,0.9937361210523474,0.6029631372054131
0.7205705180150882,0.9937995473316095,0.6029631372054131
0.7205705180150882,0.9938566151964536,0.6029631372054131
0.7205705180150882,0.9939079620705304,0.6029631372054131
0.7205705180150882,0.9939541614765811,0.6029631372054131
0.7205705180150882,0.9939957294424092,0.6029631372054131
0.7205705180150882,0.9940316592597166,0.6029631372054131
0.7205705180150882,0.9940639871286417,0.6029631372054131
0.7205705180150882,0.9940930741428069,0.6029631372054131
0.7205705180150882,0.9941192451963919,0.6029631372054131
0.7205705180150882,0.9941427926131049,0.6029631372054131
0.7205705180150882,0.9942101452818393,0.6029631372054131
0.7205705180150882,0.9942707472258577,0.6029631372054131
0.7205705180150882,0.99432527506658,0.6029631372054131
0.7205705180150882,0.9943743376081065,0.6029631372054131
0.7205705180150882,0.99441848263449,0.6029631372054131
0.7205705180150882,0.9943879546563874,0.6029631372054131
0.7205705180150882,0.9943604874147767,0.6029631372054131
0.7205705180150882,0.9943357740399865,0.6029631372054131
0.7205705180150882,0.994313538429139,0.6029631372054131
0.7205705180150882,0.9942935321614639,0.6029631372054131
0.7205705180150882,0.9943097217062482,0.6029631372054131
0.7205705180150882,0.9943242883268945,0.6029631372054131
0.7205705180150882,0.994337394713732,0.6029631372054131
0.7205705180150882,0.9943491872481727,0.6029631372054131
0.7205705180150882,0.9943597976376001,0.6029631372054131
0.7205705180150882,0.9943780247556906,0.6029631372054131
0.7205705180150882,0.9943944247613214,0.6029631372054131
0.7205705180150882,0.9944091808068366,0.6029631372054131
0.7205705180150882,0.9944224576851349,0.6029631372054131
0.7205705180150882,0.9944344036700453,0.6029631372054131
0.7205705180150882,0.9944073544505745,0.6029631372054131
0.7205705180150882,0.994383017127639,0.6029631372054131
0.7205705180150882,0.9943611198122586,0.6029631372054131
0.7205705180150882,0.994341417874477,0.6029631372054131
0.7205705180150882,0.994323691210427,0.6029631372054131
0.7205705180150882,0.994351712609189,0.6029631372054131
0.7205705180150882,0.994376925178063,0.6029631372054131
0.7205705180150882,0.9943996104705669,0.6029631372054131
0.7205705180150882,0.9944200218176673,0.6029631372054131
0.7205705180150882,0.9944383871567676,0.6029631372054131
0.7205705180150882,0.9944255029254333,0.6029631372054131
0.7205705180150882,0.9944139103580224,0.6029631372054131
0.7205705180150882,0.994403479963233,0.6029631372054131
0.7205705180150882,0.9943940952314689,0.6029631372054131
0.7205705180150882,0.9943856513334032,0.6029631372054131
0.7205705180150882,0.9943713792906475,0.6029631372054131
0.7205705180150882,0.9943585380832859,0.6029631372054131
0.7205705180150882,0.9943469842637244,0.6029631372054131
0.7205705180150882,0.9943365887656297,0.6029631372054131
0.7205705180150882,0.9943272354621439,0.6029631372054131
0.7205705180150882,0.9943666395755448,0.6029631372054131
0.7205705180150882,0.9944020940711665,0.6029631372054131
0.7205705180150882,0.994433994833448,0.6029631372054131
0.7205705180150882,0.9944626980659281,0.6029631372054131
0.7205705180150882,0.9944885242685984,0.6029631372054131
0.7205705180150882,0.9944397733314307,0.6029631372054131
0.7205705180150882,0.9778166008637299,0.6029631372054131
0.7205705180150882,0.9788335986226379,0.6029631372054131
0.7205705180150882,0.9789692615587076,0.6029631372054131
0.7205705180150882,0.9790229048534954,0.6029631372054131
0.7205705180150882,0.9789960207764447,0.6029631372054131
0.7205705180150882,0.9798623443249321,0.6029631372054131
0.7205705180150882,0.978646526416524,0.6029631372054131
0.7205705180150882,0.9730685845958446,0.6029631372054131
0.7205705180150882,0.9740976646762636,0.6029631372054131
